{"type": "FeatureCollection", "features": [{"type": "Feature", "properties": {"Name": "Assam", "Source": "FAO/GAUL/2015/level1"}, "geometry": {"type": "Polygon", "coordinates": [[[89.6948399758636, 26.18907191520686], [89.70020430526984, 26.184831334069678], [89.7025364176648, 26.17712152298513], [89.70427540920622, 26.174553071307937], [89.70651838245827, 26.17313059064864], [89.71161510068849, 26.17350960943375], [89.71705524830448, 26.177210671227368], [89.71980202005308, 26.177937505896004], [89.73024079762828, 26.177001121328143], [89.73314812134821, 26.175868472036306], [89.7341781703668, 26.174990039897963], [89.73375900430925, 26.1733713909733], [89.73293405572078, 26.172970087330953], [89.72705252248154, 26.17387974368228], [89.72509943368618, 26.171610031940258], [89.72509943368618, 26.169630203828355], [89.71875861930663, 26.16604955214435], [89.7114947478714, 26.161795594663612], [89.7114947478714, 26.161791087317994], [89.71358606719693, 26.162103271433477], [89.71863821684785, 26.16286130528199], [89.72069833770806, 26.162593772664362], [89.72509943368618, 26.162018585863816], [89.73784802703824, 26.160359722305348], [89.7396717589925, 26.159298457855876], [89.74296708197916, 26.157381120851596], [89.74413087527512, 26.156698862487296], [89.74413087527512, 26.15669435504104], [89.74457678747365, 26.156096823147575], [89.7504003931462, 26.148230972221228], [89.75102017149929, 26.147388214729027], [89.75242038310397, 26.145488664190875], [89.75428868560324, 26.142969261347407], [89.7566074699549, 26.139843462697165], [89.75852933922617, 26.137248216071068], [89.76498609014628, 26.11890347739557], [89.76498609014628, 26.118899059427378], [89.7673093189389, 26.112299570935054], [89.78523043320489, 26.093441990804763], [89.78943981213362, 26.079351301033718], [89.79022908245683, 26.07618081513789], [89.79068834412331, 26.074339226137763], [89.78821356053311, 26.06777099968588], [89.78742875634661, 26.06568855838734], [89.78730835152916, 26.065372024549063], [89.78638981431045, 26.062919523462686], [89.77970112925004, 26.053252139262412], [89.77864881378052, 26.050710436978612], [89.77664664512879, 26.045854547895157], [89.77664220831323, 26.045854541071897], [89.77604022792926, 26.04439192288252], [89.77604022792926, 26.04438750361479], [89.77929984163312, 26.039910504212298], [89.78047700223337, 26.039799008369158], [89.78156060816998, 26.039700981083797], [89.78298304550029, 26.03956719554328], [89.78729948033354, 26.039161407398066], [89.79066609652611, 26.038849276235588], [89.79335045245989, 26.038599502072355], [89.79342176855626, 26.038559378206624], [89.80066785912531, 26.03427870572712], [89.80914015536896, 26.02148995895698], [89.81122251295179, 26.016451230200275], [89.81511980443891, 26.007029088127467], [89.82055985682786, 25.99388811578405], [89.82612929257476, 25.986490491847583], [89.82652616496226, 25.98596874173381], [89.82678924344283, 25.98562093541168], [89.8296832030877, 25.984635469349165], [89.83222043887672, 25.983770412998947], [89.83322821234266, 25.98343156786736], [89.83454807504117, 25.983739249781856], [89.84095131712223, 25.985250828908597], [89.8443090586134, 25.98604009963527], [89.84439378242948, 25.98602674902174], [89.84443835879777, 25.98601786592351], [89.848362377883, 25.985714573824954], [89.85221950460506, 25.985411378141226], [89.85353936175116, 25.984185131484246], [89.8541592076674, 25.98360993998177], [89.85477904363552, 25.983039164864792], [89.85699963020114, 25.98098797591492], [89.85774432009646, 25.97893232410055], [89.85806088750513, 25.978058293915584], [89.8581500800645, 25.977813092635547], [89.8581500800645, 25.977808581999703], [89.85440003001335, 25.975681622886142], [89.85122065416043, 25.97388017625061], [89.84764000770313, 25.973657160954026], [89.8423515009878, 25.97333171865446], [89.8423515009878, 25.973327207943147], [89.84159794132187, 25.967918351511642], [89.84126352129577, 25.965479163947645], [89.84100932870629, 25.963650994623116], [89.84088894742797, 25.96276808261728], [89.84088894742797, 25.962763571723197], [89.84060803250625, 25.960761502355833], [89.84047871950881, 25.95981171827384], [89.84042963761146, 25.959468381334002], [89.83448119336306, 25.956257772512227], [89.82735999109643, 25.956231007386034], [89.82692746434573, 25.955945668862533], [89.82692746434573, 25.95594115785274], [89.826740215641, 25.955820761813666], [89.82555852677115, 25.955044899145367], [89.82291871478826, 25.95331028518843], [89.82382838170643, 25.949083052647765], [89.82383288460102, 25.949083058095287], [89.824541833801, 25.945787792624564], [89.83174330404165, 25.941301938396297], [89.83185921183194, 25.94123061382886], [89.84027353247274, 25.94164979708779], [89.85011035354867, 25.942140249985403], [89.8618199359821, 25.941649726898714], [89.86503942183846, 25.94091849164856], [89.87055083795353, 25.939669898023496], [89.87727965492714, 25.936932027333736], [89.88032970322422, 25.931300195393423], [89.87954041378181, 25.928731800161117], [89.87833200381402, 25.92478989347671], [89.8613918647963, 25.904121966731292], [89.85930949317715, 25.90158029905229], [89.85855140832675, 25.900902501828416], [89.85782015940079, 25.900251435993567], [89.85631741366687, 25.89891378468561], [89.85551920573499, 25.898209214380092], [89.84891973585472, 25.892336585106108], [89.84327899932016, 25.88732007511839], [89.84230692221274, 25.886455032188554], [89.8385612642107, 25.883128488904184], [89.83803955245018, 25.881888931605786], [89.83604630864374, 25.877117633642147], [89.83193059999604, 25.867258585560798], [89.831466824686, 25.862099369827714], [89.83122157176615, 25.859370474959196], [89.82974116011223, 25.842599724992056], [89.82865318294132, 25.838020303404374], [89.82764093078312, 25.833743984723835], [89.82732883103606, 25.83242858821328], [89.82632998057919, 25.828228099474998], [89.8203414116333, 25.814908714187617], [89.82035921038799, 25.811180907384582], [89.82038151243053, 25.808478707505646], [89.8307489267015, 25.791021313881796], [89.8344901252178, 25.784729573873793], [89.83466847606124, 25.78443077387234], [89.83708977891025, 25.773002116090314], [89.83713879359745, 25.77277917368392], [89.83886891509377, 25.76460112687296], [89.83772739369105, 25.761836501240012], [89.83341993142996, 25.751402187501157], [89.83337977268378, 25.751299663475752], [89.82254860925185, 25.73274983492563], [89.82213840124105, 25.73036869004193], [89.82198679686678, 25.72947240557077], [89.82175935345305, 25.728130140200253], [89.82418961225055, 25.723430284737432], [89.82515721319321, 25.72154853335991], [89.82516164446113, 25.721548538647042], [89.82537127144316, 25.7211382888698], [89.83666171943165, 25.71811055631655], [89.83863264000523, 25.716960145491605], [89.84133039124399, 25.71539050177273], [89.84133039124399, 25.715386077018557], [89.84145970139268, 25.708291619484754], [89.84161130091674, 25.70016273049918], [89.84166038131386, 25.69739362426502], [89.84166038131386, 25.69738910891627], [89.84229799216347, 25.694370365813132], [89.84321213274275, 25.690143095044046], [89.84327006949547, 25.689871054803977], [89.84490212142573, 25.688511100840117], [89.84616851080305, 25.687449756178225], [89.84713613347145, 25.68532729544743], [89.84925866099897, 25.680671938456253], [89.85234877832006, 25.67752388175139], [89.85390060050456, 25.675949731853773], [89.85396744858667, 25.675882875741955], [89.85418149022507, 25.67565992265346], [89.8556441120465, 25.674170550636497], [89.85643781829835, 25.673359039076235], [89.86275632068718, 25.66908277438337], [89.86412972474781, 25.668150813325752], [89.86544517652428, 25.667258974096214], [89.86899019002493, 25.66486001470126], [89.87275809640994, 25.654211701072178], [89.87333780204688, 25.618851009085766], [89.86863787363988, 25.58262075006405], [89.86306849147525, 25.564432125051844], [89.86240409018579, 25.562273948702494], [89.86111095612061, 25.558068975788256], [89.86000958016972, 25.554461525666156], [89.85787807424944, 25.547483083752105], [89.85584029055494, 25.540807772872434], [89.85312026914166, 25.537998583270586], [89.85251826193297, 25.537378758516283], [89.85098881145805, 25.535800195518533], [89.85068111418859, 25.53393189535715], [89.84654753376043, 25.50902332828521], [89.84654753376043, 25.509018900307293], [89.8456200424296, 25.50344052409615], [89.84526772704226, 25.48300447239016], [89.8551089902837, 25.476048280564324], [89.85957256285064, 25.47339061598772], [89.86402719416508, 25.472860021087147], [89.86871369154095, 25.4763604321301], [89.87175927763536, 25.47890206259887], [89.879959576378, 25.488640792282087], [89.88004429334542, 25.49560142028225], [89.87558965555334, 25.50546943439312], [89.8738461169845, 25.513562650739363], [89.87032346602399, 25.52149096008572], [89.87565653745328, 25.52853186454068], [89.8711796196583, 25.536950705060555], [89.87145160311906, 25.53729846032259], [89.87455957398765, 25.54156140514815], [89.87394869285586, 25.541935954497838], [89.8740022292148, 25.54206078288848], [89.87406019116227, 25.542899160374546], [89.87010051887147, 25.54422350518331], [89.87380157455875, 25.5492801084481], [89.87758735432118, 25.54893227731207], [89.88635835921103, 25.557872793093882], [89.90441327550869, 25.55950038581058], [89.91809826141068, 25.562630616992553], [89.92605773098165, 25.563531375334577], [89.93583654114337, 25.5627108853593], [89.94164230616143, 25.56762036515819], [89.9493788250773, 25.56824907475221], [89.95675864086412, 25.570460803522526], [89.96646169281756, 25.57170046561308], [89.97280699472554, 25.574607787293168], [89.97504989285358, 25.583508177617563], [89.9791567262634, 25.590731889936176], [89.98950187333966, 25.58881006735903], [89.99536113056587, 25.586348626677623], [90.00212108164197, 25.584190385251222], [90.00582214825269, 25.588368553628925], [90.01106156274672, 25.598352520204468], [90.01729542656024, 25.60219175484228], [90.01844144181449, 25.60838989795518], [90.00453789857433, 25.623822911689086], [90.0013808971109, 25.624429366253], [89.99933415747438, 25.621851952167216], [89.9952942434505, 25.623029167285527], [89.98332155674939, 25.626707913414318], [89.98230930882782, 25.628429118621177], [89.98043649768641, 25.637570255858943], [89.94695310158458, 25.658826838070492], [89.9418474526352, 25.67364886068692], [89.94172702986415, 25.67812135098109], [89.93699589727302, 25.68662932006501], [89.93234956726361, 25.689960236412634], [89.92112597002166, 25.694419409320815], [89.9195474788819, 25.696769352628156], [89.91850402784728, 25.702690979346695], [89.91427681663392, 25.704006482914064], [89.91263586176866, 25.707060966756696], [89.90487703064285, 25.7147796390829], [89.89424206677585, 25.72723836433295], [89.89261452669778, 25.735001650748995], [89.89541480616646, 25.744120503156232], [89.8990846831711, 25.744049129011124], [89.91137835747642, 25.741569893284773], [89.9161362478886, 25.73919320124145], [89.92186621297671, 25.739170907256554], [89.92793947371722, 25.74135144040033], [89.9335088861682, 25.744548615290647], [89.93464600530606, 25.74754065697585], [89.93371400485236, 25.752530382343508], [89.94351957994162, 25.760538958738586], [89.94668557011212, 25.764721552200022], [89.95239316827556, 25.77017054692194], [89.95524700489575, 25.774460232153768], [89.95501514705967, 25.781639372590845], [89.95260723298217, 25.78341855728694], [89.95081468020109, 25.791980063462308], [89.95199630838104, 25.81091339446579], [89.94935652633261, 25.81442271053608], [89.94561984299558, 25.81609936539177], [89.94581606212574, 25.820228446192154], [89.94458087660922, 25.824477973278658], [89.9505694024816, 25.824870338055838], [89.95886779408576, 25.826569256124444], [89.96795544051008, 25.82615017665238], [89.97354716635054, 25.828138916654], [89.97589709503144, 25.834038281892344], [89.99080834128122, 25.835509803966346], [89.99471452649358, 25.838760476173412], [89.99780470700604, 25.839670108218932], [90.00160381188894, 25.842243058950533], [89.99983354935021, 25.843692266552573], [89.99743457306731, 25.844209516684224], [89.99756833968733, 25.84670208903629], [90.00026612928743, 25.848601667246427], [90.00831477462367, 25.846831482687268], [90.01152088637248, 25.849671931133006], [90.02076902617706, 25.86160890386017], [90.02191948800522, 25.865528473114647], [90.02137546851564, 25.8684893248854], [90.01872232756257, 25.87136983484805], [90.01436576975524, 25.8717889955041], [90.00977293821133, 25.87573089348224], [90.00473855974144, 25.87868277688553], [90.015253184375, 25.888622120413235], [90.02126398890003, 25.893188284797652], [90.02791702886243, 25.89431193704579], [90.03450756178033, 25.89350936023164], [90.04209695175349, 25.890749109352832], [90.0521923776326, 25.898690795231737], [90.05507740565116, 25.908090601216127], [90.05892112190928, 25.910271107787192], [90.06330890423705, 25.915546225334747], [90.067620854203, 25.916161581024028], [90.07242777181034, 25.91934090745639], [90.07797038368105, 25.91768208593928], [90.07945080626028, 25.91928292774658], [90.0807261613615, 25.924526789474925], [90.08738802714937, 25.926270358807315], [90.09192740482801, 25.928758550701293], [90.0879587984282, 25.93620079116795], [90.09612338075003, 25.939518318461012], [90.09913775342426, 25.93925969499837], [90.10051562719293, 25.94206891903102], [90.10537160589395, 25.941930690430482], [90.10788654860878, 25.95059023566791], [90.11091425809046, 25.954112919153758], [90.11377700882883, 25.957439482814145], [90.11865078912304, 25.96126088527949], [90.12000188344525, 25.95772039147577], [90.12323025641133, 25.957163023186016], [90.1284474565255, 25.958772723295958], [90.13407924700249, 25.957809514328257], [90.14002769464393, 25.958139531408342], [90.14739417539614, 25.964480388736025], [90.15339610600049, 25.96469882841705], [90.15448860923604, 25.9602130262758], [90.15838584141653, 25.958259925175778], [90.16349597284413, 25.957363628296875], [90.1684857256279, 25.95738148661481], [90.17265494571838, 25.95875046397063], [90.1761152249375, 25.957082761647733], [90.18052530469508, 25.947000699128687], [90.18250956840639, 25.944450128407265], [90.18567110411556, 25.945569329829173], [90.18945236056342, 25.953238957507704], [90.19396056544457, 25.95700243048526], [90.20844372339805, 25.961573023907825], [90.2111191895373, 25.95564240271023], [90.21276011412185, 25.95389000787421], [90.22737260181651, 25.955138587403514], [90.27781837956866, 25.963169393614006], [90.28658495573896, 25.963900658418908], [90.3243402093154, 25.974379550520204], [90.32905793702884, 25.982700272077544], [90.32994972757365, 25.988501587507056], [90.3369238022063, 25.99016923977941], [90.33931834305169, 25.9968623961364], [90.34485649899814, 26.00124123943991], [90.34665797699033, 26.00295352464693], [90.36498937190356, 26.010319898919203], [90.38080578849024, 26.01164874463832], [90.38736513164486, 26.011260783370965], [90.3939512280528, 26.014101228519362], [90.39650184790491, 26.01415030695439], [90.39729108857145, 26.01222844550798], [90.4001939483692, 26.009280958946924], [90.4075604223691, 26.007559761062577], [90.41104294754446, 26.005869778827595], [90.41394135587095, 26.001321494698043], [90.41649643496686, 25.99684901879603], [90.41742840047903, 25.992340858126166], [90.42862521511225, 25.989041097396495], [90.44711265102708, 25.99653242214504], [90.45752015471922, 25.99957347823113], [90.45791703970545, 26.001339305822757], [90.45909871940715, 26.00323442951314], [90.46530128102884, 26.007220822307197], [90.47090190319351, 26.012598529334117], [90.47728738910891, 26.015260646911532], [90.48121582941984, 26.01402100382429], [90.48958556561242, 26.009637718144653], [90.49236357334753, 26.006511834956086], [90.49793300019799, 26.003649099686328], [90.50013576618711, 26.001361596311185], [90.5057364131482, 25.99601960617313], [90.51355772575526, 25.982370307647635], [90.52406331878193, 25.96989818087132], [90.52983783709597, 25.96186290125366], [90.53446197959845, 25.958019109467962], [90.53479637661023, 25.94564062714964], [90.53378417788737, 25.9362899405059], [90.53221013851697, 25.932553160058355], [90.52615914578656, 25.928281346259947], [90.51851618096615, 25.909401546131935], [90.5111007531233, 25.90013997073566], [90.51254102152716, 25.896238267773306], [90.5180123404982, 25.896479092325993], [90.52548134138097, 25.901009541459278], [90.53360580334352, 25.908799553241593], [90.53917524608873, 25.915461426595105], [90.54682261589906, 25.91988041063372], [90.55335960178458, 25.92911966153595], [90.56324100727477, 25.935567570535962], [90.57137440645266, 25.93902782568423], [90.5727388824642, 25.943999760054613], [90.57277902543584, 25.948151108634203], [90.57879435754624, 25.95803247424589], [90.58245971484638, 25.959789430707197], [90.58727111095813, 25.953912320567373], [90.59185056454704, 25.952119728122437], [90.60193709476648, 25.951780838863336], [90.60539285806833, 25.946951602215282], [90.6290127150669, 25.937431474891724], [90.60756891313036, 25.919581709282877], [90.606507679481, 25.912282135799455], [90.608095060179, 25.90801924799045], [90.61074823014667, 25.907448438530576], [90.61419514242007, 25.899511246106567], [90.62480782154036, 25.898900376313254], [90.62671627560769, 25.901357339535583], [90.62893694340585, 25.906547722297148], [90.62686347282747, 25.911269875454643], [90.62732719098489, 25.916990965961993], [90.63783285037005, 25.92333176724695], [90.65399263381173, 25.929659271380018], [90.67018809423597, 25.93426101133093], [90.67565050090104, 25.93647719271054], [90.68604464382713, 25.950808805573487], [90.71309802645202, 25.952182205702226], [90.71774439752753, 25.95471051408381], [90.72067845312372, 25.949172312903293], [90.72540063657135, 25.948770942577482], [90.73226770347178, 25.952561236446368], [90.74028963957731, 25.954911122749973], [90.7435536467627, 25.956672450593025], [90.74743754835723, 25.95731906843931], [90.74604631122936, 25.952641497397302], [90.74379002164382, 25.949430946966558], [90.7446996427897, 25.94650125362302], [90.74030297986697, 25.94089172454353], [90.74413334774538, 25.932789511326476], [90.74746872955669, 25.932321320045673], [90.750710545321, 25.93407825189865], [90.75264129834183, 25.933957856727577], [90.74619343812829, 25.921931588999254], [90.74053933572927, 25.915207314706088], [90.74234076084406, 25.912950983539517], [90.74543540314764, 25.91229103765076], [90.75005946365803, 25.919242819906678], [90.75895091947685, 25.921641760851116], [90.75763102087566, 25.916571792239704], [90.7577202361629, 25.911069228637572], [90.76905079844094, 25.908514199889247], [90.77806268440449, 25.908291239712476], [90.77848627359147, 25.91430208422825], [90.78167897374715, 25.921249402817544], [90.79170307253477, 25.93574145361921], [90.79709409541435, 25.941471448253502], [90.80869218097608, 25.94719239065206], [90.80989173132127, 25.95215989059339], [90.82045085686308, 25.948432051433073], [90.82388435687008, 25.945101156407286], [90.82800454736831, 25.94742875828482], [90.8322585704087, 25.945279443200306], [90.83619596363619, 25.947259345729325], [90.83676223779023, 25.938189516657566], [90.83983458685239, 25.938430313656816], [90.84104297882125, 25.943170297314367], [90.84323686957073, 25.94481130217214], [90.85679700159365, 25.94432969330047], [90.86960798197939, 25.942398885130494], [90.87288545854224, 25.9429205844307], [90.87240385810011, 25.946728731611216], [90.87523535162809, 25.94911878982977], [90.88022509504802, 25.946251603674998], [90.88143795891884, 25.950639299081285], [90.88298080933413, 25.951749604284892], [90.88835854178471, 25.943620662987872], [90.89238955860792, 25.939059053314715], [90.89646071141765, 25.937471552870644], [90.89704041426431, 25.93538030606432], [90.89537716585866, 25.931509795233882], [90.90119180722608, 25.929592374075153], [90.91252687169715, 25.9202995700657], [90.91607626320243, 25.91506018903368], [90.91911293485133, 25.913312146757853], [90.91629922538765, 25.92813867837753], [90.9158800982606, 25.943161395744145], [90.91834147570103, 25.94316141265865], [90.93206664741813, 25.939674384503405], [90.93466180071415, 25.941141469013843], [90.93749338233901, 25.944762241275118], [90.9427506271133, 25.94757143622359], [90.94557322162008, 25.939121438860074], [90.95384932202887, 25.936704666395137], [90.9579160191253, 25.933940020479298], [90.96064051966567, 25.927701664837752], [90.96689668652752, 25.90533040061531], [90.96730693038226, 25.896639583017976], [90.96660681347423, 25.890998812796422], [90.967454056331, 25.88718187600882], [90.97132902433853, 25.887672355517537], [90.97538680565135, 25.889451497526323], [90.98480439326275, 25.889933132593594], [90.99688859094641, 25.888680070372974], [91.00132540147085, 25.886490732528824], [91.01373508685401, 25.884319144185753], [91.02060654783996, 25.887279914678583], [91.02568102162863, 25.888381352233704], [91.02828953576824, 25.888568626395454], [91.02922150605201, 25.888051421615202], [91.02910555623711, 25.879851058997893], [91.02651933206973, 25.86662090005801], [91.02182831265606, 25.861328019614493], [91.01513073234716, 25.8590583013053], [91.01310629177026, 25.857189967162707], [91.01274069727258, 25.848842519421094], [91.00866507460077, 25.83823877011853], [91.0015884482963, 25.825797902055584], [91.0007858141407, 25.82224841094731], [91.00610997861763, 25.820781372849503], [91.01270500654799, 25.82108907815648], [91.02081168149418, 25.822618557511937], [91.02494077889862, 25.827559174845312], [91.04197008535893, 25.8394025696697], [91.0491046294328, 25.848811288633332], [91.06590206949103, 25.846421191642285], [91.07853914725237, 25.852619324134793], [91.07299652034555, 25.842479387220088], [91.07287613520886, 25.838332439231912], [91.0675117866603, 25.836312425488764], [91.06179971506997, 25.83608051385498], [91.05722020614864, 25.832040607034656], [91.04988051676001, 25.828901401697482], [91.05902168369785, 25.822270704362545], [91.06326231559376, 25.820371169722534], [91.06653524959988, 25.825757725853308], [91.08135284919432, 25.829338433818563], [91.1207802408791, 25.831340499684163], [91.12634074346624, 25.838198659057895], [91.1316827637251, 25.841948755166527], [91.1379076175799, 25.842131594844233], [91.14539447230209, 25.84733980511885], [91.15286348572364, 25.850073179004845], [91.16165238655515, 25.849319646682993], [91.16818941635192, 25.845631906295594], [91.17901612461915, 25.842751346903025], [91.18176290601109, 25.84412027580859], [91.18546843779819, 25.84997063266047], [91.19303999859689, 25.855232423633556], [91.19647791858006, 25.859009272270903], [91.19811886868817, 25.854831035248502], [91.19866293377918, 25.84764300802156], [91.20262702929402, 25.84053965115224], [91.19452041671663, 25.830609268353083], [91.19431530292182, 25.826399876667264], [91.18987400775444, 25.82078138894232], [91.18815722635148, 25.815568678270314], [91.19095760564853, 25.810699353301036], [91.18724762906514, 25.803292775631174], [91.18474600882858, 25.795030081465452], [91.18396569403829, 25.782589145371563], [91.17993023270374, 25.776319689716107], [91.18118322497536, 25.773349952434888], [91.18591434622007, 25.769938680049368], [91.18570025974502, 25.766879800551756], [91.18917840299854, 25.76346856971303], [91.1887146484951, 25.738930109452006], [91.19233539809926, 25.736089706395322], [91.19198764709209, 25.729579422298354], [91.19799848763687, 25.73097951269715], [91.21586610669847, 25.72391190926774], [91.22144442974476, 25.72605227139472], [91.22387914135753, 25.723421395888607], [91.23249852642515, 25.729160209377515], [91.25536927348449, 25.747830507301973], [91.26228536895523, 25.749288565670856], [91.27562695180765, 25.74693862276422], [91.27646531163813, 25.75166973116466], [91.27958664854101, 25.75666399414846], [91.28729196658095, 25.764110639980142], [91.29689688289429, 25.77825051621705], [91.30632787608582, 25.796367758289055], [91.32498926326703, 25.823791286874965], [91.33242700390599, 25.83208962163366], [91.33217730767058, 25.833699437641513], [91.33355517858094, 25.838840702644283], [91.33642683128379, 25.83840817656868], [91.34249117432941, 25.83609836177], [91.34439966565944, 25.839438217432917], [91.34855557812404, 25.8403524078729], [91.3533089617441, 25.837739316578602], [91.35688967530113, 25.841462699827243], [91.36369871621791, 25.840490626566616], [91.37049884070572, 25.84430317909559], [91.37687089031903, 25.844878341308547], [91.38211925799835, 25.846942887597333], [91.38851802066934, 25.8472996194357], [91.4011907750965, 25.851098844310936], [91.40509255688822, 25.849881488104103], [91.41272653414627, 25.853921435539434], [91.41889790740818, 25.854719629981616], [91.42430235303529, 25.853560255746977], [91.43084827747052, 25.84775890321269], [91.44122458578606, 25.84163216692546], [91.44439504093906, 25.841021232531034], [91.44740496102793, 25.84566317305707], [91.45495418438792, 25.85131284544874], [91.46872834478845, 25.85903150223253], [91.4749621507977, 25.85718996623018], [91.47840013590334, 25.857680429641494], [91.48304206886274, 25.862897556886765], [91.49603144386376, 25.86234016856496], [91.50787929695841, 25.864801609208733], [91.51275753559017, 25.866558501254254], [91.51912068699048, 25.873122321180333], [91.52176486678748, 25.87434854786986], [91.52540801936549, 25.87289043028275], [91.52887717770228, 25.880872227949258], [91.53262283618012, 25.88406939612302], [91.53205650703258, 25.888149488702386], [91.52973776866796, 25.889678984611294], [91.52577809978574, 25.89011148511573], [91.52221529414518, 25.885928886661258], [91.51976721905255, 25.87802287134206], [91.5172478527361, 25.87466961245112], [91.51355125284475, 25.87095069774194], [91.50778114703647, 25.867441376814863], [91.4983056068026, 25.867200624068357], [91.49369036592118, 25.865528437496163], [91.47738795831857, 25.86872115743726], [91.47476150074729, 25.871231637764648], [91.4759387005286, 25.878036222534156], [91.47867659776513, 25.88468026523166], [91.48338093038548, 25.89106130217359], [91.48853120345257, 25.894851498406993], [91.49291894351222, 25.895578377756955], [91.49861328262432, 25.892465922149388], [91.50325962637596, 25.89215816991913], [91.50115045575926, 25.89846783692302], [91.50853917454863, 25.909758282973097], [91.52477928155739, 25.92079009908041], [91.53132518203648, 25.92371080775004], [91.53589577989698, 25.934002403759028], [91.52169800861162, 25.924852331794607], [91.51685546396459, 25.920023115757246], [91.51078216972472, 25.915430216832373], [91.50557833501168, 25.9130803523947], [91.50333989550452, 25.914319985382374], [91.50163204904874, 25.920758876542898], [91.51628912152424, 25.938327778570663], [91.51978509633457, 25.94089173199185], [91.51818872878324, 25.952801972884064], [91.51850083205998, 25.95815289257202], [91.52379821780174, 25.959410348199807], [91.52584947122254, 25.96131888199607], [91.532408762292, 25.96224193858255], [91.537171105802, 25.962099174722763], [91.53727811754587, 25.968391000324704], [91.5489431106376, 25.97509752380968], [91.55126185206684, 25.974901275181146], [91.5548380867586, 25.986610877322263], [91.56537046044647, 26.001838749446605], [91.56608387734126, 26.003760568287877], [91.56513411181888, 26.00751072400589], [91.56859435291531, 26.011947516555214], [91.569718072287, 26.016839174725742], [91.56880838539296, 26.021739712145635], [91.57003018067934, 26.027482964724566], [91.57583595756772, 26.033110410223582], [91.5840987096771, 26.031982229477066], [91.58812524366296, 26.0301495601282], [91.59706128825476, 26.017062086275363], [91.59681159254454, 26.02079884329373], [91.60186817564252, 26.022631493347596], [91.61654756329347, 26.024722840097432], [91.62029316213152, 26.027032678808837], [91.62610786203771, 26.02396926075642], [91.6321544310274, 26.022408581254794], [91.63339846593642, 26.017851355166375], [91.63210088115036, 26.013958519792368], [91.63302390366994, 26.004911058498823], [91.6320741432698, 26.00186991206508], [91.63044657075686, 25.999832089448986], [91.6267187534738, 25.99765163224006], [91.62867182743696, 25.995132208602886], [91.62471659626138, 25.985901860076957], [91.62679458785416, 25.98238810516156], [91.62802084234322, 25.97697030994055], [91.63214102503537, 25.970789967004773], [91.63794680118826, 25.96485043754565], [91.63408523358186, 25.960502837247354], [91.63012106361158, 25.94463735640581], [91.62462743592263, 25.94597064995469], [91.6109335130117, 25.944601693622914], [91.61115204974196, 25.93991960317309], [91.62275911004103, 25.930988074129434], [91.63282769862919, 25.9257664730484], [91.64791734697229, 25.91374023620407], [91.65148908659896, 25.907671449231458], [91.65688459958346, 25.90788102331867], [91.6619411783987, 25.909878704215284], [91.66723414295006, 25.9081886998453], [91.66931210238903, 25.905388327114178], [91.67598734648422, 25.911831803229653], [91.67859593883428, 25.917320943167812], [91.68641724386251, 25.92124937929721], [91.6923210843511, 25.929101862181682], [91.70197498700422, 25.937930838455017], [91.70091377312832, 25.941890574937684], [91.70816867561444, 25.944369848443657], [91.71393433343094, 25.947228126308296], [91.72017707675845, 25.9540728085299], [91.7216262581251, 25.965082376942092], [91.71978016712552, 25.97829911689393], [91.7211669916941, 26.00183873133285], [91.72276331223192, 26.019799997740478], [91.72466289717477, 26.027260073556285], [91.72318251565616, 26.03031895560705], [91.72641091813716, 26.046911345752196], [91.7329568597011, 26.05102701917834], [91.7345888773676, 26.056641094344872], [91.73126239669443, 26.059209501568734], [91.75948407411546, 26.071289253520067], [91.77851995584545, 26.09124817362657], [91.78042397816327, 26.08830066117914], [91.78457543575757, 26.086579453368497], [91.7903677855521, 26.087020891026935], [91.80178756064714, 26.104942086753283], [91.80806147876926, 26.103822796940765], [91.81080828795805, 26.105169494682418], [91.81555721232799, 26.111438932505724], [91.81931180848804, 26.118738467707196], [91.826553388985, 26.11814100847634], [91.85383416357334, 26.104790479742835], [91.86470098722836, 26.10034920035901], [91.87578634281004, 26.09772726145128], [91.87523786657108, 26.084559530862613], [91.86934739162244, 26.05685960857255], [91.87016337043656, 26.052190928111873], [91.88323300848513, 26.03000238731121], [91.8919505410555, 26.029551987957642], [91.9009178127051, 26.026270091617572], [91.9074637907232, 26.027112937776597], [91.91165083123498, 26.023831032747665], [91.9169705325127, 26.021463248819654], [91.91684573459887, 26.013757895430583], [91.91565510270547, 26.010328822225013], [91.91871856043683, 26.00723870339352], [91.91953455911963, 26.001588997865664], [91.91957019650032, 26.000130850325256], [91.92209411192073, 25.999528890080843], [91.92582634439147, 25.999738459771113], [91.92681181673409, 26.001611287393295], [91.93396863376653, 26.01466753015223], [91.94129048762893, 26.0140031244792], [91.94632035410571, 26.014498099541274], [91.95242487413591, 26.017811191220275], [91.95781597028858, 26.018890282274096], [91.97817175722219, 26.02585094433443], [91.9842316125176, 26.030541942949995], [91.98739763685522, 26.038719973494544], [91.99106742241558, 26.04102972408808], [91.99764907949987, 26.038840297137803], [92.00044051042173, 26.03917924767804], [92.00337904430171, 26.038028771883422], [92.00817705298158, 26.039451278364574], [92.017616963725, 26.039589430132096], [92.02218754161578, 26.039259450034713], [92.02387306348805, 26.03843009756997], [92.02789518353164, 26.039897186237415], [92.03475325810533, 26.039692069807113], [92.0361043683642, 26.03940222519219], [92.03961370893792, 26.036218395043495], [92.05018623484581, 26.03303903651269], [92.0528572021022, 26.032829473753402], [92.06321573229171, 26.03471570511165], [92.0704572491582, 26.037850416656045], [92.07363217864322, 26.04028063017811], [92.07882698416611, 26.04177890796334], [92.08113233887691, 26.043620517856837], [92.09335921523244, 26.048521079762207], [92.10888583098101, 26.04971162020249], [92.11622550651681, 26.046550144537708], [92.12338236066999, 26.044891346242682], [92.12702095164087, 26.04589909493495], [92.13311656548743, 26.045890154349326], [92.13816873044115, 26.052819639644976], [92.14377385549278, 26.0576399334297], [92.1462174378159, 26.058562909132956], [92.14898654215624, 26.06163084135696], [92.15052044401658, 26.064899337461622], [92.15467636107012, 26.068060800542174], [92.16908811915565, 26.07758991665046], [92.17830512856492, 26.07951183714339], [92.18094489515637, 26.076180819377335], [92.17888479758244, 26.069211268649262], [92.18044101707676, 26.06850231986679], [92.18232719538135, 26.07033938969148], [92.1846013485264, 26.069189024468717], [92.18834698038332, 26.06887235386332], [92.18936812033112, 26.066879203533247], [92.2018224282149, 26.070022816170706], [92.20826578272434, 26.068569176251778], [92.20934492988306, 26.069189001022693], [92.20880981794632, 26.070660466975536], [92.21042845530413, 26.071101890793347], [92.21201142920954, 26.07097257651275], [92.21356323876391, 26.069679470101093], [92.2161093786126, 26.069300434245807], [92.2183522860408, 26.070152163753555], [92.2283406703553, 26.067641649932337], [92.24117398922111, 26.062540414834846], [92.25145666534813, 26.064359755769996], [92.2656856749273, 26.065398764945005], [92.26864650981135, 26.06794938320773], [92.2723163018827, 26.066602705133064], [92.27372537113217, 26.06589373256364], [92.27368975122201, 26.0650197371702], [92.28073063762649, 26.06918893612302], [92.28806142350598, 26.069991654750375], [92.29014379028938, 26.07280084797498], [92.2900456874044, 26.07379074921168], [92.29392064934008, 26.07779058608177], [92.29598080460667, 26.07889196193938], [92.2973185045192, 26.079150621093163], [92.29966844659144, 26.076729345485365], [92.30158140748941, 26.07648855478819], [92.27865268579451, 26.05271036576681], [92.25572405020122, 26.02893220194394], [92.2214112076555, 26.00224899216134], [92.22168773224726, 25.998601415819795], [92.21919059040015, 26.000781890922838], [92.21520418641083, 25.996269333366648], [92.21100816221374, 25.994659585736684], [92.20771732681852, 25.99174332168626], [92.20912198456527, 25.98966982270403], [92.20739181324822, 25.988229527226075], [92.2008993660179, 25.98560755558994], [92.19161997543516, 25.98520177398848], [92.18097609243665, 25.975231290946482], [92.17694064864605, 25.97309984321431], [92.1731102624595, 25.972199073346463], [92.16739816894459, 25.967699862434806], [92.16555204903585, 25.96444023709691], [92.1673267967288, 25.95875932242629], [92.16532909535583, 25.953952435100167], [92.16075856352705, 25.95152220809477], [92.15631726417281, 25.944797926833786], [92.15609877843706, 25.94300090543135], [92.15751674354287, 25.93927753247091], [92.16142293723182, 25.93253979496269], [92.16016990798988, 25.925962649354375], [92.15992914087535, 25.915189438179116], [92.16369708407365, 25.911791632642274], [92.17431423867714, 25.909191942776005], [92.18089134987474, 25.908590024886248], [92.18315215604704, 25.91092213153695], [92.18364713969756, 25.912830610470017], [92.18672388502252, 25.915809299311075], [92.19203913999078, 25.915782540364688], [92.19718044877067, 25.918029937442892], [92.19700655169208, 25.913659994006977], [92.19772892664953, 25.911252062391537], [92.20060061092606, 25.908242203204182], [92.20513999597621, 25.908710386881317], [92.20752560519456, 25.91052972873808], [92.21752735689839, 25.909918789926], [92.22260183671149, 25.91131893655325], [92.22380127970958, 25.910360242193878], [92.22547795605558, 25.907051587858348], [92.22503648630537, 25.901620392874626], [92.22384586816615, 25.90068848862507], [92.21823189693485, 25.900197987255638], [92.21560548279605, 25.893839268717503], [92.21285869650745, 25.892126975427434], [92.20641528662289, 25.891453652524987], [92.2033251175329, 25.890089185534126], [92.19495982296648, 25.88126908986425], [92.18694236945437, 25.87481228292529], [92.18103856205559, 25.871624073392656], [92.17988810005052, 25.87017041126072], [92.1790988195687, 25.867909597599446], [92.1807843344956, 25.863209695084322], [92.18096274359772, 25.85136188196155], [92.17830512856492, 25.84808001020878], [92.17524612952653, 25.84654160344608], [92.17143808086539, 25.83773039046809], [92.16934228068189, 25.835340338903894], [92.16552086244253, 25.833039436408548], [92.16326011691646, 25.825748845237108], [92.16308620082087, 25.82182927893983], [92.15573758599348, 25.816589832161263], [92.1531067175056, 25.812746037505203], [92.15368643670946, 25.79548939988751], [92.15116697970068, 25.78744961185588], [92.15099311037473, 25.783650454874042], [92.15479223341148, 25.779779941125696], [92.15518017558462, 25.778642853146412], [92.15421257489568, 25.77672994175341], [92.15410554799648, 25.772921808248885], [92.15596948634905, 25.764538772886755], [92.15738744737732, 25.761970288276085], [92.15823915991729, 25.757199099991244], [92.1648385861555, 25.744749242818138], [92.16552528553979, 25.734448738269183], [92.16423218533754, 25.728732157099774], [92.16092797301718, 25.726257322433], [92.15629500331342, 25.72481260969066], [92.153717615097, 25.722698977112938], [92.15101536860865, 25.71936803693758], [92.14956620821638, 25.714507630356046], [92.15105996005322, 25.711832141961207], [92.15585353602175, 25.709138878749073], [92.15757918060697, 25.701036687296344], [92.16104835908693, 25.69729099301789], [92.16145419594528, 25.69598008818237], [92.16044643196048, 25.69090111891086], [92.16435258025079, 25.684850179778817], [92.16546733550341, 25.67841123068836], [92.160508798133, 25.67329218854889], [92.1606961220485, 25.67186081577399], [92.16445963154015, 25.66931909515765], [92.16976146290123, 25.666402819940274], [92.1709520786569, 25.666879982689323], [92.17495631750405, 25.670219811690966], [92.18477527275628, 25.681140203858465], [92.18791892455903, 25.683427692933428], [92.1919856565369, 25.68632167792834], [92.1940769593544, 25.686120969938546], [92.19693078138872, 25.686950364522712], [92.19830862047745, 25.686357347801536], [92.2000878101513, 25.687289260366818], [92.2015593051716, 25.689719439438736], [92.21063804944804, 25.69592205138174], [92.22490714646925, 25.713968077972613], [92.22899613086841, 25.716210989112525], [92.23262584696035, 25.715109590655835], [92.23384762987672, 25.710070861322897], [92.23475732511763, 25.708822301365913], [92.23684865741676, 25.708389745759657], [92.24804542027881, 25.710958138529637], [92.25357919062554, 25.710119864240877], [92.2557061721959, 25.710730730954168], [92.26084751617948, 25.710338392456165], [92.27052374891744, 25.71093144535597], [92.28460563155153, 25.715858757417145], [92.2879811406724, 25.715903363150385], [92.29358624567776, 25.717299056698483], [92.30610738698617, 25.723131498247298], [92.30825668566419, 25.726150323973364], [92.3114984232689, 25.726078975318625], [92.31392867465142, 25.724678869557547], [92.31767877590953, 25.72379146666489], [92.33353977107541, 25.725231791012817], [92.33901111812138, 25.726850402562903], [92.34805418642159, 25.731929326382563], [92.35179979546875, 25.734872369490596], [92.36300104561057, 25.7365133309585], [92.3683073963624, 25.74044179573699], [92.36754043357496, 25.742381426885462], [92.37146890995123, 25.746470464424473], [92.38510036702225, 25.753560414775897], [92.38694647718573, 25.752490276183682], [92.38433786827297, 25.750332077129105], [92.38353523191722, 25.747429197825745], [92.38495768944722, 25.744749289790345], [92.38696425613264, 25.743112799768703], [92.39212790117598, 25.742599963743793], [92.39476769589854, 25.741480719942412], [92.40479172754739, 25.74369248128863], [92.41073576028685, 25.743130614548697], [92.41639878154382, 25.740499699794334], [92.4124658443015, 25.73739174142595], [92.41325956565179, 25.73396268816807], [92.4127735321816, 25.732981679257268], [92.41697848016675, 25.72968192545834], [92.42134839220695, 25.729450090197982], [92.43200563317197, 25.73196051105383], [92.433165055093, 25.73145224383799], [92.44201631140973, 25.72085742375089], [92.43644688684745, 25.715600135075327], [92.42962451744161, 25.71326801502486], [92.42722105578922, 25.710409718277432], [92.43152407635404, 25.704251671618767], [92.43334340129064, 25.695230945537425], [92.43213495910949, 25.691008201872737], [92.43434222821112, 25.687530054101583], [92.44046906816735, 25.68812754783122], [92.44000974743116, 25.689220027440914], [92.4430375023899, 25.68765046938481], [92.45128683306142, 25.6866114939655], [92.45524648533618, 25.6842303363868], [92.45987507460454, 25.68296844391756], [92.46544447031035, 25.682460087030996], [92.4715489645926, 25.674950961907328], [92.4746614451921, 25.673309973432694], [92.48134563398955, 25.66389235107879], [92.48828840075925, 25.649993345058082], [92.49326478279123, 25.636129996575214], [92.49790225320142, 25.62696207516442], [92.50171033694437, 25.622931054678], [92.51055272189666, 25.617201129391706], [92.51727255891234, 25.62008166842502], [92.53324955940809, 25.61594814558653], [92.5404376241147, 25.61777185162838], [92.54453109863208, 25.614249218658383], [92.5532396850024, 25.613838928056424], [92.55761852396331, 25.61198846979933], [92.5586173984554, 25.608951756433033], [92.55618270794477, 25.60587052248839], [92.55724393267451, 25.596212153514372], [92.55632092664735, 25.59280094087786], [92.56092721746171, 25.58273230252063], [92.56095837275066, 25.57425105680824], [92.5646817317527, 25.5682580374667], [92.56954214960348, 25.564458868835082], [92.57250299913179, 25.56041890149499], [92.57610148810767, 25.55965196143329], [92.58141232752726, 25.559772389833643], [92.5874766895716, 25.552990088918616], [92.59346972721997, 25.553930919642863], [92.60259303420669, 25.557382282903536], [92.60349379968643, 25.561083314139147], [92.60871087743159, 25.565729714303846], [92.61248780297751, 25.565502331372535], [92.62110275909832, 25.568311580051564], [92.62610584029343, 25.568030568162126], [92.62886604883748, 25.569488772485105], [92.63056940376046, 25.570670424017383], [92.63323149380109, 25.574790641077183], [92.63414565195833, 25.578879593709512], [92.6406335845178, 25.587369693401698], [92.64833891141112, 25.59235057616327], [92.65119279527771, 25.59272954082789], [92.65345796438315, 25.592181147050834], [92.65760944324035, 25.589059689941646], [92.66047662503678, 25.58505995658779], [92.66072185469571, 25.58184046066056], [92.66065054396067, 25.570318109209524], [92.6573552125199, 25.563379783262906], [92.64987735649181, 25.5600086661032], [92.64496785898979, 25.546600175296543], [92.64470028829979, 25.53744119964791], [92.63762817553672, 25.528531937832902], [92.62760856572802, 25.522208868478863], [92.62162892359673, 25.51575209900371], [92.60959828696237, 25.512608421618665], [92.60558952255782, 25.508118116063322], [92.5935811931458, 25.50307936038628], [92.5895010939498, 25.499520979452228], [92.58104662236916, 25.495159969797314], [92.57559316088593, 25.49042888419244], [92.56783429747307, 25.480770469686206], [92.56655010306143, 25.47512073874829], [92.56741515308032, 25.467473450874266], [92.56913191447202, 25.46478907128854], [92.5714818908676, 25.46407110732735], [92.58229074280862, 25.472891277080542], [92.58544329425091, 25.467580475512094], [92.59369712404605, 25.471009463404624], [92.5981606835546, 25.471651591383853], [92.60138908896612, 25.464137983744063], [92.59977043079523, 25.45705247998078], [92.60018956453747, 25.453868701152622], [92.60114379282399, 25.452392784104287], [92.60450599903554, 25.450189932158782], [92.60555387146971, 25.44836169937249], [92.60529523159111, 25.441909408974702], [92.60775664530773, 25.430351412810044], [92.60697183697943, 25.427181019150552], [92.60701203083435, 25.41853921596069], [92.60909436223433, 25.416572744926956], [92.61184122317827, 25.416122411564853], [92.61477531860076, 25.41742895548605], [92.61788774979604, 25.422021825452475], [92.62063452388085, 25.42372075080455], [92.62864756770466, 25.425031672672752], [92.62931195042465, 25.42698920971609], [92.62851822129831, 25.430610004593003], [92.62930301417568, 25.4346410752035], [92.63266074101183, 25.433138323922993], [92.63791805041022, 25.428817516220523], [92.63791805041022, 25.422659422640034], [92.63922898600795, 25.42037197008781], [92.63961249484791, 25.419631753000804], [92.64163242575634, 25.4195291555724], [92.65054173860675, 25.4316712712612], [92.65428295693583, 25.435341123725692], [92.65365420945352, 25.423939201805503], [92.65688259712024, 25.415698795862568], [92.66010203845974, 25.410361277891177], [92.66368714386867, 25.40937134920008], [92.66703597640385, 25.41408014665576], [92.67093769239634, 25.416719891084927], [92.67376923067523, 25.417139074757944], [92.68004758719778, 25.408582069365554], [92.68817206155433, 25.40442170652112], [92.69351858398225, 25.399989425561703], [92.7003766240789, 25.3877892811434], [92.7029272486474, 25.38662099272126], [92.70973181801261, 25.38612161778722], [92.71289784501849, 25.384538628044982], [92.71636256537754, 25.379339321140872], [92.71810158468436, 25.374982725801196], [92.72056743030039, 25.374902507571797], [92.72136560655825, 25.37549108345109], [92.72543235042095, 25.380431757055998], [92.73480984721807, 25.382500752660523], [92.73705272458417, 25.381252212164792], [92.73610740730138, 25.373809978852606], [92.74059331703876, 25.36678247260341], [92.74009830275044, 25.364642056254567], [92.74060667741077, 25.36372799012353], [92.74566772281915, 25.36114168897609], [92.748236221758, 25.358109545036697], [92.75010010552323, 25.354381713000286], [92.75116134277958, 25.34846891730872], [92.75875964120424, 25.33986283258044], [92.76056561726955, 25.335278929093782], [92.76326783799622, 25.33559106817959], [92.76947044665235, 25.339510576683484], [92.77245355547102, 25.339613191971367], [92.78246421039493, 25.33428900407261], [92.78436827591713, 25.332536556005145], [92.78801584737677, 25.31761191586633], [92.78473838472718, 25.311529738519596], [92.78383762199685, 25.308002610651506], [92.78690993567635, 25.30067184125445], [92.78882740275631, 25.291539556052165], [92.79222073690975, 25.28679956823941], [92.79222073690975, 25.285180884845843], [92.78913949054987, 25.27852352110923], [92.7821208637442, 25.275919325102365], [92.77947218678538, 25.2737611705368], [92.76976030247553, 25.26893193167882], [92.77617693347244, 25.262938937764734], [92.7767030949504, 25.26053989012014], [92.76465010803847, 25.24934759722549], [92.77028646827121, 25.240201963168293], [92.77223949334841, 25.233259121683137], [92.7863079792452, 25.231399740595638], [92.79434771750327, 25.226013122410922], [92.80309208278658, 25.221509448224282], [92.80442086639613, 25.219328872546818], [92.80356472746385, 25.217237612119348], [92.7984323240064, 25.213447394590528], [92.7928940525392, 25.212350390201667], [92.78774829552178, 25.20952784605445], [92.77957026920939, 25.203111192053754], [92.76764665943104, 25.20476100609892], [92.76345064467851, 25.203851391281763], [92.75889792908788, 25.204029720875333], [92.75454133455264, 25.205371947837758], [92.75168752853264, 25.207347289295893], [92.74713921540938, 25.207770937819546], [92.742029123286, 25.203088873457105], [92.73333836104848, 25.203218169537084], [92.72416597025612, 25.19919610053961], [92.71621537385725, 25.194157309050425], [92.70461282437768, 25.190523141895365], [92.6939377263046, 25.181350769317913], [92.68762361230871, 25.182318352883026], [92.68284790931925, 25.182041937872157], [92.67942781795564, 25.18308981105551], [92.67704214311323, 25.18218906512367], [92.67223970116581, 25.178158029942203], [92.66690667515277, 25.177061077110352], [92.6643382322219, 25.175357753218353], [92.6629781643659, 25.17298992016158], [92.66081105010412, 25.162252440437356], [92.65954020211566, 25.159122135446715], [92.65571430206985, 25.15413242578604], [92.65120613017699, 25.15240228691361], [92.64826761958315, 25.152651960204356], [92.64404932218729, 25.151171549662923], [92.63800720225566, 25.145218659560243], [92.63242444413163, 25.13755791716324], [92.63079683043568, 25.131836853524604], [92.62996748197094, 25.125032341339807], [92.62470122506862, 25.118691446014886], [92.62164232576332, 25.117701553513747], [92.6100308323833, 25.124100339801036], [92.60315040018499, 25.124992167700075], [92.59842821408441, 25.12471124822467], [92.59443736328257, 25.128291887422304], [92.5816887644091, 25.131868069477854], [92.57903113477907, 25.13201077293992], [92.5680394844795, 25.130088917443356], [92.56549774056558, 25.13127945765545], [92.55784597206866, 25.12996850753319], [92.55316838759263, 25.130708717315617], [92.54313091334912, 25.13502067528692], [92.53993822896986, 25.137281466361927], [92.53563074434723, 25.134414230120417], [92.53019063419902, 25.13682212007502], [92.52746605841548, 25.13993905422879], [92.52466578042167, 25.140028246880636], [92.52522319292038, 25.125580760658192], [92.53024413739094, 25.121861899088245], [92.53132766591334, 25.119899836737346], [92.53305782746807, 25.11214995565507], [92.54081661473253, 25.104128045551708], [92.5429436002975, 25.099602034257583], [92.53804757547115, 25.09931220718405], [92.53201438735795, 25.103958560964934], [92.52651183362931, 25.105849209634002], [92.50978126551465, 25.105470266578497], [92.49910623071706, 25.108150172731968], [92.48429752023809, 25.108060944737748], [92.48031559082311, 25.100409103877134], [92.4797581919415, 25.095740437249578], [92.48017729729727, 25.08584121605672], [92.47654761809541, 25.078251831767325], [92.47461683737168, 25.070800747071182], [92.4709157464369, 25.06689011288341], [92.46750459381492, 25.06136969572347], [92.46598848971688, 25.05715585409224], [92.4636697545187, 25.055568390218323], [92.46203772234938, 25.05583155178334], [92.45983938471419, 25.054658783923962], [92.46015154014756, 25.04959323852269], [92.46285818329406, 25.05015059224863], [92.46465965686046, 25.047229863717636], [92.46325502512015, 25.037130058307437], [92.45976355322088, 25.035181421921802], [92.45680275180297, 25.03502981937483], [92.45420751985921, 25.036608363062438], [92.45101924725441, 25.040951478637325], [92.44653343743317, 25.042044002060766], [92.44178000536338, 25.03985008631276], [92.43788275256065, 25.033754499954405], [92.43192094938807, 25.03290723557711], [92.42590118473899, 25.03181925828892], [92.4042700617849, 25.028795947797864], [92.40512174713795, 25.02798889202926], [92.40681174997543, 25.0263969572101], [92.40681619664021, 25.02639697601922], [92.41305891039055, 25.020528781850114], [92.41677780863081, 25.00937213482761], [92.41708997310882, 25.008440187740693], [92.41708997310882, 25.00843575540786], [92.41729954137378, 25.006580731544634], [92.41803974716562, 24.99999912946588], [92.41969856315684, 24.985114606598696], [92.41969856315684, 24.985110173963463], [92.41982785441651, 24.983919591153573], [92.42084900431321, 24.974769516093023], [92.42732804957014, 24.96908862906511], [92.42877282933947, 24.967826705983537], [92.42957098014107, 24.967131091260246], [92.43043602991666, 24.966818957551453], [92.43080167519112, 24.966689622421505], [92.43263439441509, 24.966047474094374], [92.43515827348796, 24.9651601116628], [92.44165962777447, 24.965628368053025], [92.44598942178483, 24.965940512449954], [92.44703725356352, 24.96601629027907], [92.4520002770909, 24.966381951686504], [92.45559874756692, 24.965218091596746], [92.45804677674909, 24.96442884703998], [92.46010694638457, 24.96376001615657], [92.46011139821346, 24.963760033441094], [92.46245236531934, 24.960861540398717], [92.46245236531934, 24.960857107544925], [92.46321042834951, 24.95992069910442], [92.45874244340463, 24.955604323547536], [92.45860866634253, 24.955479413276866], [92.44915086728798, 24.946360588333054], [92.44956116960545, 24.944773165527643], [92.45080077406551, 24.939970718900796], [92.45431004979233, 24.93913681463029], [92.4571193381721, 24.938467937284983], [92.47463910353721, 24.94001080504164], [92.47464355677161, 24.940010821927117], [92.47998110539268, 24.94047901575858], [92.48019073409544, 24.940345265917756], [92.48019518786647, 24.940345282627955], [92.48464977830473, 24.937531522399752], [92.48629521999288, 24.936501519000917], [92.48636211095001, 24.93646141525556], [92.48640220027218, 24.936220547189773], [92.48658951073098, 24.93522170354489], [92.48673665680448, 24.93447711756722], [92.48692842304378, 24.93349158470832], [92.48571109845642, 24.93156083545367], [92.48473010499602, 24.93000902730397], [92.48618816446434, 24.92777953803248], [92.49096838319977, 24.920479972749856], [92.49422798629766, 24.89735948991444], [92.49366611514138, 24.895477762722685], [92.49112890772841, 24.887001011393025], [92.4907097027973, 24.88560084519624], [92.49095939807098, 24.882408177374483], [92.49137415042011, 24.87707064523154], [92.49139196982908, 24.87688774632334], [92.49093266921082, 24.87468946926105], [92.49063835075246, 24.87327143213548], [92.4901345103016, 24.87085904693097], [92.48955924947701, 24.868138986242954], [92.4890910578488, 24.867818003576062], [92.48908660321818, 24.867817986968245], [92.4874412129057, 24.866689802604903], [92.48651371067936, 24.866047670835368], [92.48510909183734, 24.86508006527199], [92.48190297658186, 24.866177015004478], [92.48085065177982, 24.866538186246597], [92.47876381330764, 24.86725170638153], [92.47530799926382, 24.868428832207695], [92.47397474617115, 24.868888155421796], [92.47257013211812, 24.869369726739556], [92.46914995153087, 24.87053807033304], [92.4637812099087, 24.870444424742917], [92.46377675772477, 24.870444407347875], [92.45959861072274, 24.8703686130247], [92.45035040270808, 24.867679749726694], [92.44815654623154, 24.865789071125178], [92.44696151861064, 24.86475902908036], [92.43381162934037, 24.853401662217106], [92.43085521392698, 24.85299146396162], [92.43085076493104, 24.85299144549361], [92.42804149862124, 24.852599078801568], [92.422949199251, 24.853731642527304], [92.41465083479234, 24.85556883511942], [92.41004014215791, 24.85437379189249], [92.41003569518033, 24.854373772776885], [92.40732010453199, 24.853669288820658], [92.40139836872584, 24.852130814486213], [92.3984285947444, 24.852309231203513], [92.39561046410935, 24.852478654316336], [92.38562211573424, 24.85727216867884], [92.38315173414998, 24.85844940600705], [92.37599490443215, 24.85860103480074], [92.36209141510565, 24.858899802925205], [92.36012938248732, 24.85848957309765], [92.35136725827078, 24.856670209748053], [92.3513628169947, 24.856670188805975], [92.34800066919578, 24.8559701249355], [92.3471712731272, 24.8560192025962], [92.3471400365248, 24.85601914792512], [92.33498896543448, 24.85669695106784], [92.33263908000991, 24.8568307661356], [92.296578298684, 24.850418571615958], [92.29539219002503, 24.851074029323886], [92.29352828162419, 24.852099670623417], [92.28893988333411, 24.85462791714178], [92.28642940963006, 24.85487323625666], [92.2838787866171, 24.855118490932448], [92.28115874600385, 24.855372611827963], [92.28087779942575, 24.8553994150595], [92.28086885546213, 24.855399369921148], [92.27085820815022, 24.843119037896958], [92.26968990342202, 24.841692123855957], [92.26561873040627, 24.83669793192077], [92.26033921530488, 24.830232201982188], [92.26825856827362, 24.81929851762595], [92.2725972705996, 24.813309902157926], [92.27564280060852, 24.809109414212813], [92.27687799425367, 24.807401616727333], [92.27629834486147, 24.802938014747642], [92.27628496784638, 24.802822084901766], [92.27621800767834, 24.80238065471912], [92.27472867675742, 24.790987618202475], [92.27394833436995, 24.785061477378342], [92.27319926640025, 24.783835282983457], [92.27096077814626, 24.78017878367787], [92.26686281768978, 24.773467892102076], [92.26572128855115, 24.771599456979892], [92.25796696953778, 24.75198389534972], [92.25794909064736, 24.75193935108225], [92.25217900981914, 24.73734915158055], [92.2515814993495, 24.73582859937434], [92.25101073586823, 24.73437934142013], [92.24896846951087, 24.72833725983057], [92.24681026113718, 24.721951817098937], [92.24080836021298, 24.70416894107974], [92.24080836021298, 24.704164504494326], [92.23369161102242, 24.683081888702358], [92.23322783726914, 24.68172183562171], [92.23222011992337, 24.67872979769479], [92.22879996467657, 24.674529294272688], [92.20782883339004, 24.633840039135873], [92.20360160641421, 24.625630850960736], [92.20162172829252, 24.620159468227058], [92.19842010379939, 24.611308219730482], [92.19734992029608, 24.59294111568839], [92.193568583588, 24.572678959705843], [92.18931906548114, 24.565441910580354], [92.18699592192783, 24.56148665230958], [92.18457014873556, 24.55736195428885], [92.1844319249221, 24.557116753392897], [92.18416882835231, 24.556661937507197], [92.1822023276515, 24.55505221139678], [92.20659807423174, 24.52957060044479], [92.23099387637863, 24.504089142501247], [92.23426681120628, 24.5004415303255], [92.23461909771405, 24.499340184753418], [92.23501598644013, 24.498171865478735], [92.23541280356496, 24.496789564250662], [92.23634918564542, 24.494328140491948], [92.23660342599922, 24.492820913211023], [92.23941705958771, 24.489931445208605], [92.23383877027386, 24.484709867234173], [92.23029379204108, 24.480041124698896], [92.22889808520267, 24.47197915619598], [92.23117218377297, 24.465442033171065], [92.23108749705759, 24.460380988077823], [92.23230931348981, 24.45845018341951], [92.23510068051249, 24.456407947594478], [92.23593899519881, 24.453781480742794], [92.23602369099947, 24.450218740440217], [92.23919862146573, 24.447266809266196], [92.25649987228705, 24.436301837243043], [92.25747642943048, 24.432520506616765], [92.25596037105218, 24.418978238021396], [92.2593403598448, 24.41351134894164], [92.26271143500195, 24.409819259717683], [92.26323756832248, 24.408098072096465], [92.26262668926637, 24.40482058292401], [92.26420525486176, 24.397578990389267], [92.26983710455379, 24.394850020159755], [92.27043012181404, 24.39095282886607], [92.27308774891205, 24.38845126147829], [92.27269090217673, 24.386199411736], [92.26988166323459, 24.38219955639724], [92.27249913048625, 24.379350222746638], [92.27224055559947, 24.377571002178346], [92.26825856827362, 24.374810860283183], [92.26757188307093, 24.373250119858962], [92.26812925516526, 24.367279430100183], [92.26407587818245, 24.362155932954796], [92.23846507056739, 24.305732708925493], [92.21285419371628, 24.249309444525043], [92.24053186884802, 24.25061151134447], [92.25958113187939, 24.25041978393397], [92.28478399972369, 24.252042834332492], [92.2918338242884, 24.251271463740366], [92.29660950061648, 24.251730712994977], [92.30349881030396, 24.252689425030916], [92.31049964504005, 24.251347247331534], [92.31407135592232, 24.252600216239692], [92.37652551203878, 24.251311539952823], [92.39570412272346, 24.252528923027207], [92.40683850533782, 24.251940295336137], [92.41645230347633, 24.253429662032886], [92.42237847229931, 24.25311309905351], [92.42253008744562, 24.248172373333638], [92.42005077903613, 24.23520088552873], [92.41851686546985, 24.221649646138502], [92.42018014667774, 24.21789060664069], [92.41822255774795, 24.210912085154753], [92.41971635481876, 24.202471057652403], [92.41897619735566, 24.19435995508167], [92.4221510128231, 24.18853190814515], [92.43321407194932, 24.183270169421704], [92.43419509877404, 24.181383989509413], [92.43445368793448, 24.17414235610698], [92.43775341043545, 24.170499301607453], [92.43814136248503, 24.169130328477593], [92.43522516556068, 24.162579897715474], [92.43656732619341, 24.15243104508855], [92.43743235695005, 24.15135189006601], [92.43875670761349, 24.151249336765517], [92.44182458135509, 24.152850130516928], [92.44388470309012, 24.153099895882285], [92.45063133735542, 24.14369119884784], [92.45722187459624, 24.143499472753575], [92.4630677340658, 24.136369323177018], [92.46483804981948, 24.13663245780396], [92.46597505706151, 24.1347506799044], [92.46682675553738, 24.135040519976258], [92.46858815963243, 24.138001325077074], [92.47335047635647, 24.139963365039673], [92.47331922912348, 24.142032417954486], [92.47482191293712, 24.142910865866988], [92.47960653894343, 24.140899787095677], [92.48087292095825, 24.14132335708831], [92.48149721722112, 24.14294201557052], [92.47875037692555, 24.148712136226663], [92.48062765863395, 24.15011225167924], [92.48065891082432, 24.15230171887321], [92.48293305522779, 24.15272082542125], [92.48355730390409, 24.153929305784004], [92.48118506803253, 24.157081881380673], [92.4826432418398, 24.15709073522215], [92.48396308140147, 24.15813862985444], [92.48489951625871, 24.159311388946048], [92.48493967980446, 24.16138045388615], [92.48586269604503, 24.162200863103884], [92.48808334076172, 24.162218781658108], [92.49475860252774, 24.159940165971616], [92.50013624055269, 24.160519782384373], [92.50245499847507, 24.16211171011935], [92.50325759996775, 24.16666892094323], [92.50488074496336, 24.16731105258317], [92.50678031473952, 24.16682049013003], [92.50953607606439, 24.162887626045308], [92.51283128633511, 24.162579919071625], [92.51200192844502, 24.16481837524114], [92.50863532193014, 24.169201734570482], [92.5137320467566, 24.16925965370731], [92.51479335603919, 24.170200510754718], [92.51357151914584, 24.173580493393402], [92.51512779174018, 24.175489057466343], [92.51759364040905, 24.176211381227375], [92.52175845840686, 24.17292948853781], [92.52539705984485, 24.172929497731253], [92.52966444720602, 24.174802362689576], [92.52990520931824, 24.17641202093498], [92.53151493195867, 24.177419823904117], [92.532888390601, 24.180532266292424], [92.5334635866982, 24.18083104842873], [92.53147926217731, 24.183461877290746], [92.53782014898133, 24.19646906368911], [92.53639764393995, 24.199898102447914], [92.53727165439763, 24.20193151758364], [92.541472108023, 24.2062300788322], [92.54242641460374, 24.210622289411194], [92.54223464464471, 24.21417621355892], [92.54574392627859, 24.219901660176063], [92.54738489242595, 24.224409786202486], [92.54778178107024, 24.231887771576282], [92.54693456022954, 24.234759437855125], [92.54709505246753, 24.237697961664256], [92.54882965903096, 24.24323172963164], [92.55063554835074, 24.24589822694172], [92.55893846442626, 24.24789145322025], [92.56456133574565, 24.250089773668815], [92.58184037416943, 24.245358700646136], [92.58801178051962, 24.244863760742415], [92.59140065640084, 24.24598294007202], [92.5935677990591, 24.248587076025444], [92.59596237499406, 24.249309452972874], [92.6059551937883, 24.249202454361036], [92.60795731553442, 24.25008086229669], [92.6115870147768, 24.25334941249576], [92.61308086861337, 24.255837538291477], [92.61551104797086, 24.26361868228418], [92.61576966891818, 24.270530302536333], [92.61682203477791, 24.27531044583302], [92.61904268049342, 24.281321350645655], [92.61939937164446, 24.286779239317145], [92.61905600620159, 24.287871758710732], [92.61723223677615, 24.28906233130442], [92.61678190816147, 24.291229433182036], [92.6183068953206, 24.29971067706097], [92.618026000775, 24.304361539864875], [92.61963567819713, 24.308459415192406], [92.61943950051634, 24.311509461078405], [92.62310045908778, 24.3202894335658], [92.62335011135409, 24.330768323210613], [92.62428209772399, 24.332650039776063], [92.62616831405502, 24.334473810880073], [92.6306363517574, 24.333372456370626], [92.63590252188295, 24.335740212949005], [92.63771740257262, 24.335521722875384], [92.6382390584477, 24.334429193252664], [92.63654458816367, 24.33424194205238], [92.63668728759168, 24.33269014030676], [92.63926019379886, 24.331749322994998], [92.6398398898858, 24.329729286345454], [92.64099036518357, 24.328712655271293], [92.6450124795061, 24.327669258866315], [92.64594444442193, 24.32922989451984], [92.64524876441145, 24.331811747674983], [92.64903903173658, 24.328752757307242], [92.64977924179091, 24.32922103823466], [92.64940019519642, 24.33082181089513], [92.65183931497714, 24.33034023554447], [92.6520400235466, 24.33285957936576], [92.65239673988704, 24.335289843795266], [92.65645454218182, 24.339120238672752], [92.6575915599015, 24.341550440165413], [92.65751578311796, 24.343507957519297], [92.65847004912654, 24.343458882934975], [92.66072185469571, 24.34514890639916], [92.66224691500202, 24.34344108706279], [92.66323234990098, 24.343797806663524], [92.66410632216528, 24.34674081110662], [92.66525231767534, 24.345211291773904], [92.66700027830876, 24.34560819795798], [92.6747814401393, 24.349804215127634], [92.67964183642465, 24.347779736153132], [92.68379768841868, 24.347481017876728], [92.68402067359703, 24.349888966594516], [92.68799371816645, 24.352007018745443], [92.69066476964085, 24.35480281199614], [92.69167249135609, 24.356421469063235], [92.69177061817496, 24.362169283620506], [92.693915430599, 24.36363189741124], [92.69420527559953, 24.364960674568227], [92.69325103860984, 24.367818927980746], [92.69500793265378, 24.36957138645608], [92.69687622632944, 24.37399928160081], [92.69827193999956, 24.374957996833615], [92.70241002828807, 24.375234423382583], [92.70410893540648, 24.376219950111945], [92.70343560013184, 24.383800380391843], [92.70744875153892, 24.387010951042456], [92.70742204966474, 24.39241089457338], [92.7142177119288, 24.405319969846133], [92.71412849057761, 24.40778142833042], [92.71508724964595, 24.40877140080773], [92.71420435906272, 24.410367747470705], [92.71411961397287, 24.412958455510182], [92.71511843221576, 24.414519124828242], [92.7181417224965, 24.416218087435496], [92.72376461804325, 24.43594955520755], [92.73053798158182, 24.452751491236185], [92.74360761944965, 24.474632305137355], [92.74883814738695, 24.488540199831732], [92.7507779066521, 24.49149209912044], [92.75132633516805, 24.494368285409106], [92.75450124157072, 24.50111930689295], [92.75364509750594, 24.507041060142857], [92.75918771984215, 24.51175878286652], [92.76451187920838, 24.51883090205311], [92.76519862226364, 24.52085083954547], [92.77913775080556, 24.48649792555438], [92.782227917123, 24.474801736858904], [92.78437716578881, 24.471198743206234], [92.78624559566153, 24.46373866551366], [92.78987970995558, 24.456077920373435], [92.79390632390997, 24.444038366934876], [92.7977812743685, 24.434709958159853], [92.80031400369245, 24.431972045533676], [92.80284679285707, 24.42728108778068], [92.8042514312943, 24.422991385850572], [92.80381891465616, 24.421720627824765], [92.80005094253733, 24.421461965090444], [92.80079558954066, 24.41904955802678], [92.80370291877611, 24.418790912778906], [92.8071587452008, 24.419861157838586], [92.80948641284012, 24.419303764315814], [92.80887550206698, 24.416891352108888], [92.8094417878062, 24.415228130451183], [92.81139932316417, 24.415370861456644], [92.81114965668088, 24.413640731522012], [92.81645155153802, 24.412249409885032], [92.8183287784914, 24.412731052625407], [92.82112913223884, 24.406778116472584], [92.82479003804208, 24.404178465796388], [92.83032824587438, 24.401748263992655], [92.83136717883849, 24.400499706939534], [92.83167490816288, 24.399340386515075], [92.82660044399691, 24.39355245927944], [92.82504418729827, 24.390493524425622], [92.82541879757811, 24.388428973154195], [92.82826368148426, 24.385579613990338], [92.82816108686283, 24.379310068882734], [92.82898603300963, 24.377767225413088], [92.83270048420081, 24.3763714895886], [92.83962104112439, 24.380799401188295], [92.84427633908996, 24.379867504463007], [92.84690719477355, 24.382297638628874], [92.84909210285798, 24.386132537149276], [92.85164721193019, 24.39237080973005], [92.85447875717179, 24.39400279210075], [92.85906268514509, 24.398412882713334], [92.862901952505, 24.39950089172712], [92.87178893192329, 24.39705283775846], [92.87386247252422, 24.39724902916109], [92.87819665431866, 24.398889996578387], [92.88424767574024, 24.40304145025003], [92.888006739709, 24.401632358525237], [92.8907758006004, 24.402292285470416], [92.89173007996934, 24.401788368275582], [92.89438770919587, 24.395309370974196], [92.89636307345823, 24.39430156587448], [92.9009782376436, 24.39343203441329], [92.90516535889192, 24.39445318959502], [92.90587433198287, 24.39537173818483], [92.90573165287059, 24.39905947811438], [92.9093078246689, 24.403170687799193], [92.9115373544988, 24.412900528122915], [92.92339412659969, 24.405721303202807], [92.92260038278278, 24.404160671820893], [92.92366168281761, 24.402608869315415], [92.92537846775897, 24.402220893399004], [92.92765257140152, 24.3986313476081], [92.93570570591795, 24.395541248712817], [92.9377346190563, 24.396709520249665], [92.9385550662926, 24.39901929465527], [92.94055276907926, 24.40105268381607], [92.9441512234299, 24.401828553195497], [92.95125012646592, 24.404829520611102], [92.95388995418548, 24.404619962258952], [92.954697029416, 24.403879677631515], [92.958139452891, 24.398051717555326], [92.96032886316505, 24.39588010735617], [92.97083453104894, 24.40120872879308], [92.97564587042827, 24.407759137602085], [92.98026107916318, 24.409689953438953], [92.98542917004517, 24.407562928200086], [92.98832758585945, 24.407652115462145], [92.99192162387261, 24.40549392429789], [92.99534619612163, 24.40194893484802], [92.99804837181775, 24.401569916918792], [93.00049645086992, 24.40326883848739], [93.0064449015375, 24.411928371061407], [93.0088973789699, 24.405369075387927], [93.01599184088933, 24.40252861174911], [93.02921303929666, 24.40634115915493], [93.03917020811821, 24.411130197246088], [93.03933077892698, 24.41756918770912], [93.03215160301582, 24.428859584191486], [93.03674444718273, 24.443940283107022], [93.03790384114582, 24.461152378604623], [93.04825789240938, 24.46396167141966], [93.04852095155465, 24.475479500994123], [93.04572509531347, 24.48182037087597], [93.0357679441365, 24.496950071920075], [93.04432493618118, 24.50580138747827], [93.04001745053193, 24.5108089799434], [93.04142206787488, 24.514590302970007], [93.0528240025584, 24.519651358966655], [93.0528240025584, 24.524667858685778], [93.04846746860298, 24.530910556450603], [93.05129901418533, 24.537189021340296], [93.05268134326538, 24.54472042263663], [93.06122047944977, 24.554780153574463], [93.06553689438367, 24.54727101799566], [93.07269376101777, 24.56108981761345], [93.06111791799646, 24.574832778560847], [93.07122669678787, 24.576130335977947], [93.07845489658773, 24.574912961229725], [93.08714120786672, 24.57118073172044], [93.09622891780609, 24.58021936580211], [93.09726783190173, 24.582542493600652], [93.10447820837867, 24.58256926227318], [93.1069798222333, 24.58355924033311], [93.10675239744232, 24.5839605059791], [93.1044469992629, 24.587603607663546], [93.09866356372554, 24.591340296036027], [93.08854582315944, 24.5900293694135], [93.07981942656328, 24.592499674842422], [93.07541825256656, 24.59622753760042], [93.07538706223002, 24.599999887166657], [93.07678277308757, 24.603772321296013], [93.08676224631272, 24.611330464522258], [93.08673097217694, 24.613823136655824], [93.082334366821, 24.617582173456924], [93.0794225559814, 24.621318876688246], [93.07935122512875, 24.626339847054886], [93.08220500024609, 24.627601772733307], [93.08938414615966, 24.62762850372683], [93.08930393018484, 24.633889062963036], [93.0848447739926, 24.647672139999635], [93.0862583452228, 24.651440136512488], [93.08912552849941, 24.652710931883927], [93.09628237728381, 24.65271983682516], [93.09626012161422, 24.656478900115495], [93.09765582432281, 24.658998282121683], [93.09763349153832, 24.662761715419744], [93.0990381061097, 24.666529667132274], [93.10330099613073, 24.671559557824253], [93.1047056224702, 24.6753409201232], [93.10469223614189, 24.679099914579172], [93.10182061020335, 24.680352903452558], [93.09753987751293, 24.677820134427638], [93.09324575858318, 24.676549306036136], [93.09179657579028, 24.67781123068999], [93.09179657579028, 24.680321728607723], [93.09320117357761, 24.68408068577262], [93.0931922259914, 24.687853103775147], [93.09028488359203, 24.69286956091097], [93.08452822290269, 24.69786829676156], [93.08307005023805, 24.70164064380073], [93.08020735523058, 24.704142179041856], [93.07586860352215, 24.710389443642832], [93.07869572017363, 24.714170695341814], [93.08878218549079, 24.70918990499094], [93.09303170504694, 24.715481741001692], [93.09443633875968, 24.720507116841617], [93.09298712023899, 24.724261675173228], [93.09442739094463, 24.724279519852978], [93.09729016451718, 24.728051870773736], [93.09725896004366, 24.731810891755337], [93.10441579016732, 24.736871982559794], [93.1072473326824, 24.741897413300453], [93.10579811234616, 24.745660911940313], [93.10292198425431, 24.746900522456464], [93.10293537009234, 24.743150452904654], [93.10149951150079, 24.741879540240724], [93.09864123047518, 24.744381106663553], [93.10147281711205, 24.749410980514387], [93.1000370019772, 24.750668450166287], [93.1000280531247, 24.754440888373438], [93.10427756777295, 24.76323863951435], [93.10566883589428, 24.76953044922115], [93.10280610129713, 24.77328944730817], [93.10132565404174, 24.77831046970376], [93.1070645043915, 24.783340333883483], [93.10562867612012, 24.78460220022639], [93.10558407968624, 24.78837020987201], [93.10846021318245, 24.790880658497866], [93.11270082942059, 24.8022112646903], [93.10978902352969, 24.809738147423747], [93.11122038514185, 24.81226204174162], [93.11979521226003, 24.817309734985553], [93.12267134917833, 24.81982912530171], [93.12269813179229, 24.814808146127717], [93.11984425980084, 24.81103135646115], [93.12127568941229, 24.808529724153395], [93.12700558112606, 24.808538717287423], [93.13133981842081, 24.806041611568038], [93.13706087382134, 24.811093709188373], [93.13994592090172, 24.80481089353709], [93.14285326372342, 24.801056317168698], [93.14428904816687, 24.799798873237073], [93.14861441916607, 24.798559176923746], [93.15148162459576, 24.796053208072372], [93.15293083447978, 24.793538287747456], [93.15294867518399, 24.789779233145836], [93.157242809559, 24.792312016929134], [93.16153686442928, 24.79734191346688], [93.1658175895666, 24.7986127699424], [93.16868037327131, 24.801132099960682], [93.17442368264128, 24.803669336019876], [93.17587288800212, 24.79739094321024], [93.17729984365485, 24.796120089155448], [93.17875794495917, 24.796142371548758], [93.18017594503495, 24.798648419758496], [93.18017594503495, 24.802420778304768], [93.18158502254825, 24.80494015746076], [93.18589693693865, 24.804949146235394], [93.19019996160948, 24.80621993797258], [93.19307613629108, 24.806228879142644], [93.19449409404177, 24.808748256855065], [93.19735688067865, 24.811258755003543], [93.19877480985654, 24.815040015838804], [93.19590764814268, 24.81628863719562], [93.19159568933514, 24.82256254029374], [93.19300026985707, 24.826321588442756], [93.19728997438739, 24.83387972146331], [93.19297796974593, 24.833870878460544], [93.19296908035739, 24.836381303153892], [93.1943915564473, 24.83763881378029], [93.1958318539319, 24.837638739883737], [93.19870797825824, 24.836390233469672], [93.20155284756592, 24.840171518558016], [93.20012594678713, 24.841428988751677], [93.19869901118149, 24.84015817181021], [93.19727211739736, 24.840158171313323], [93.19438259016567, 24.843921632966282], [93.19580058598045, 24.84644105141002], [93.20155284756592, 24.843939489318764], [93.20152165258607, 24.850217935742968], [93.19864551532211, 24.852728399368043], [93.19719632106195, 24.85649184867192], [93.20007244935985, 24.857758211244754], [93.20584253920197, 24.85526112185663], [93.2087007803947, 24.856531951055356], [93.21013659493512, 24.859042493382486], [93.21428804642572, 24.861949814840234], [93.21618764198544, 24.864692171037888], [93.21906374154902, 24.869722045098047], [93.2219487520836, 24.870992857836526], [93.22480709431649, 24.874778605973425], [93.22908778958033, 24.877302477643163], [93.22622060782167, 24.881070459068564], [93.22908778958033, 24.8848383383646], [93.23339087219772, 24.884851694568614], [93.23483109532665, 24.88989049076447], [93.2304924541737, 24.89490254010047], [93.23338189873915, 24.894911506225306], [93.23338189873915, 24.89869282037282], [93.2362223491832, 24.90245184967199], [93.24195230301889, 24.901221122976615], [93.24337920065717, 24.90374051841329], [93.2433614034943, 24.907499485436745], [93.2418898613775, 24.91127187900408], [93.23899147573823, 24.915030949716705], [93.2404317873649, 24.916279456587745], [93.24185864058674, 24.915039830403874], [93.25045585099369, 24.915062164942704], [93.25325616845772, 24.918830075852114], [93.25019721833397, 24.93008040093815], [93.24450741593435, 24.930080359075912], [93.24304926379097, 24.93132896654376], [93.24720067783223, 24.93634095267302], [93.24849830200972, 24.94010004031448], [93.24707585793092, 24.940099976036876], [93.2414395014852, 24.93758956836944], [93.24003490543684, 24.937580638010154], [93.23998136420987, 24.938842559457168], [93.24131914540565, 24.9413396298312], [93.2440792786816, 24.94384120090736], [93.24693316316699, 24.943850122753876], [93.2498404594206, 24.94260152572335], [93.25412120113432, 24.942619385043752], [93.25110685026313, 24.94634717115324], [93.25092401718261, 24.950101731990102], [93.24939010296237, 24.95258990539509], [93.24923850179007, 24.955078149702455], [93.25354151859545, 24.955091525140123], [93.25950778182515, 24.951359273870946], [93.26241513520489, 24.951368165913166], [93.26082768011915, 24.95386971319931], [93.26059132362084, 24.95886838255884], [93.26332921530427, 24.963880427994706], [93.26323558865063, 24.966381963776005], [93.25871409501633, 24.972651405255597], [93.25290828753656, 24.972629155213674], [93.25287713643235, 24.9751529693096], [93.25432629760843, 24.978920978234555], [93.25152599557116, 24.98142253224265], [93.25301977182336, 24.98266210944329], [93.25325616845772, 24.98637206551808], [93.25202094919796, 24.98881121899357], [93.25525825822955, 24.992400809116276], [93.25695717929162, 24.996021548897385], [93.25705532119869, 24.998469672674183], [93.25562388076234, 24.99970931017169], [93.25567743912997, 25.00220186909268], [93.25710880440063, 25.000939998301163], [93.2614386055666, 25.000922133308894], [93.26332031309015, 25.00423970667656], [93.26245082015416, 25.00603226406844], [93.25990466842809, 25.00645147012104], [93.2580050595861, 25.004208517920137], [93.25768400190219, 25.003499467876537], [93.25710435385935, 25.00319178022382], [93.25646225242512, 25.00311156822751], [93.25580673141964, 25.00325866717879], [93.25533406809144, 25.003642181400714], [93.25520922741993, 25.004208520870083], [93.25347906214436, 25.00637111989981], [93.25181586239484, 25.004177266595935], [93.25121388043665, 25.00348163648032], [93.25063860559976, 25.003160627033132], [93.25000096224821, 25.002951001822115], [93.24935887737881, 25.002870758236956], [93.24868557579114, 25.002901944343485], [93.24807910594558, 25.003031307853316], [93.24746819396195, 25.00327658232169], [93.24694651201433, 25.003628770330252], [93.24669679711185, 25.004168345696737], [93.24916270138027, 25.013157879689043], [93.251717731004, 25.016020647721675], [93.24884162503709, 25.01879871104542], [93.25383139736994, 25.02134929249349], [93.25779104647415, 25.021741661607663], [93.25837070265585, 25.02520192626921], [93.25560607914025, 25.028680055095922], [93.25985118216876, 25.032068943130067], [93.26381085819986, 25.03592159855607], [93.26391783943554, 25.03890918001987], [93.26291457337794, 25.041838838074348], [93.26835462018498, 25.04409070230514], [93.26946053947108, 25.046592209609095], [93.26779725677301, 25.04880840680232], [93.26818077922186, 25.04968237650083], [93.28449212833455, 25.051550757967174], [93.2868733296463, 25.046801871349462], [93.29189423988737, 25.047091648032428], [93.29698209275573, 25.047671391280105], [93.29934093757741, 25.05046273361072], [93.30008559272294, 25.052598654977622], [93.30240434120631, 25.051938721784865], [93.30245787393986, 25.048188584344597], [93.30459377780451, 25.047992414747057], [93.30425044778077, 25.05603219019381], [93.30892800739755, 25.05852033850903], [93.30607419521218, 25.064419753336903], [93.30879427325354, 25.070591177841074], [93.31079195054305, 25.072628937522385], [93.31272272149486, 25.077957597872867], [93.32234098727831, 25.08838292136642], [93.32362969149058, 25.0916693332393], [93.32950674008548, 25.094500845134025], [93.3357762278075, 25.095838526632583], [93.33917410000365, 25.106411093617673], [93.34046278416201, 25.114419599969306], [93.34435110077438, 25.116149757402216], [93.344360017698, 25.12133120243115], [93.34644239419536, 25.125090248018378], [93.34921152479973, 25.125411331620068], [93.34704439260275, 25.127462510727735], [93.34607678618926, 25.129870404325914], [93.34889940268465, 25.134788803950446], [93.34686158602555, 25.137700582461495], [93.35101303082298, 25.144540903895034], [93.34855607064267, 25.15349026108473], [93.348836978499, 25.157169021939], [93.34735657983619, 25.16388890970171], [93.34915355911453, 25.16672939563549], [93.35307308484838, 25.1818010970059], [93.36081856688591, 25.191958937330146], [93.36221870409683, 25.195606535472766], [93.36853727165581, 25.20005225720987], [93.37056614010596, 25.203588270720708], [93.36958515102553, 25.20806518206342], [93.37808867876396, 25.216100518008282], [93.37950222960085, 25.220791474870705], [93.3819903497002, 25.223868312059835], [93.38479517386656, 25.22573216386877], [93.38551304182099, 25.228559242424762], [93.38762670076692, 25.232041821469387], [93.38710052794923, 25.242391357489367], [93.38871914852821, 25.245918557571418], [93.39459180576489, 25.250297347401762], [93.40357241742802, 25.263072733072327], [93.4063415226978, 25.264080435183327], [93.41205808839412, 25.263451741133174], [93.4207087388704, 25.266260934094998], [93.42330841716024, 25.27216032240984], [93.42331734835206, 25.277908128339142], [93.42642981276857, 25.281060703913653], [93.43863879085202, 25.2865498231866], [93.44481469394114, 25.292310998116672], [93.45197150481742, 25.294750126339363], [93.45996671933335, 25.29473231022523], [93.46558960319103, 25.299053190034844], [93.47402176932397, 25.309282322791585], [93.46797971223845, 25.313808320342314], [93.46312817919224, 25.319859315303994], [93.45670260564243, 25.32525934212964], [93.45796900851694, 25.330052814208038], [93.46193761898729, 25.33658986932316], [93.45790660061026, 25.340919683183085], [93.4518912317641, 25.34419264190271], [93.45374178204469, 25.348121141198597], [93.46231664415201, 25.35886757464113], [93.4662629463738, 25.361730312001697], [93.47821780878398, 25.379878814998563], [93.47728586451623, 25.38601009138919], [93.47393706755668, 25.393108991261016], [93.46718597614898, 25.403061725640907], [93.4632574773968, 25.410963192284033], [93.46540682037202, 25.41587272903119], [93.46514813605586, 25.423399670193096], [93.46186626795827, 25.434699069790224], [93.45687210467247, 25.441949516289476], [93.44359730609781, 25.450609092468117], [93.43496006372143, 25.45476947896068], [93.42751333874372, 25.455259959240482], [93.42201972465608, 25.454800701348788], [93.41710578545201, 25.45278958820392], [93.4029169335863, 25.459183971026054], [93.39592064475885, 25.46412017536859], [93.39041807243146, 25.469167899769655], [93.39190745837725, 25.474202213361536], [93.39103791990814, 25.47804144976788], [93.39130991352842, 25.481430398870508], [93.39050278548709, 25.485626450647594], [93.38710052794923, 25.490308436091876], [93.38636925013444, 25.49334962528774], [93.38304274592015, 25.497567917309595], [93.3718191887907, 25.501130677532508], [93.3711458211449, 25.505148338609477], [93.36689631806266, 25.50786845079612], [93.36501902090663, 25.51013809839671], [93.36682048959175, 25.512871575558528], [93.36472471678012, 25.51616678869415], [93.3600471550265, 25.520322717138907], [93.3575679073745, 25.52767128083944], [93.35417899151864, 25.53118948835372], [93.3501658158402, 25.533668766075227], [93.35234184998781, 25.537570520506726], [93.3492293604089, 25.53832856404731], [93.34458301818361, 25.536081181445603], [93.34039145446569, 25.537289547821146], [93.33574502402448, 25.545409619569867], [93.33174080524319, 25.546809774914387], [93.33338174082655, 25.54902146560156], [93.34126094591753, 25.554858442348475], [93.34546588248564, 25.5611190327977], [93.34831075805899, 25.563219263184305], [93.35439304083815, 25.565199108098696], [93.3607026082717, 25.560441179870775], [93.36418071633734, 25.560650772447453], [93.36598223130234, 25.563259366971813], [93.36515729139015, 25.56976076778422], [93.36943802357331, 25.570260170138788], [93.3734200024747, 25.56917216232601], [93.37599288876281, 25.571040474768203], [93.37684008611703, 25.573738219401832], [93.37648786747371, 25.577309988645144], [93.38269940688126, 25.576177357574498], [93.3847416284594, 25.577920863589075], [93.38503151290907, 25.58119833745905], [93.3831095984552, 25.58279912116045], [93.38240061231339, 25.584752197539345], [93.3906321251374, 25.58909983734199], [93.39005244608647, 25.59471836863418], [93.40020135127621, 25.596279051933205], [93.40683649764257, 25.596479713448453], [93.40924886905448, 25.600412643009992], [93.40963680524182, 25.604100247485086], [93.40722441491552, 25.606490342076384], [93.4076391203165, 25.6094200157699], [93.40904820563678, 25.6116896927396], [93.41227662241651, 25.613678421905036], [93.41678030077729, 25.614891346883677], [93.41487177807323, 25.616639296842564], [93.41829634778863, 25.621058282590333], [93.42247012418737, 25.622262234207152], [93.42753566862143, 25.63146136054619], [93.43102264099129, 25.62920054941964], [93.43417971607798, 25.629869436537984], [93.4390847203836, 25.632339731145944], [93.43918730784834, 25.634399870904097], [93.44151938148542, 25.634778929489055], [93.44439551786166, 25.63804296124322], [93.44679446682562, 25.638809883908923], [93.44993367256063, 25.634930526262348], [93.45198044117303, 25.637476684092935], [93.45936026291382, 25.633129046320867], [93.46195988730997, 25.63339213158902], [93.46121972135047, 25.636549124831305], [93.4586021835396, 25.638422013715758], [93.45713960613679, 25.640589143426855], [93.46070239766118, 25.64155228410341], [93.46556733324162, 25.644192032093162], [93.46852816816268, 25.643759500093918], [93.47477538248253, 25.644290177436257], [93.47593472663786, 25.647991219244116], [93.48335464494423, 25.645770566044224], [93.48359546280956, 25.65175916866974], [93.48721180232454, 25.650470431432883], [93.4907210845919, 25.65344024907811], [93.49019489620876, 25.655968534340296], [93.49394055341084, 25.655259545848672], [93.4999157457336, 25.65652148723992], [93.50208286687628, 25.662019518592285], [93.50829441998792, 25.66681307282246], [93.51019396293296, 25.671022460261295], [93.52028491173385, 25.683668473441557], [93.51938419418622, 25.685969336414672], [93.51683803477162, 25.68806960323301], [93.5227285640962, 25.69320206245795], [93.52593906759473, 25.69967221281627], [93.528556597727, 25.693768308418466], [93.53057211072526, 25.692698181262056], [93.5314950980821, 25.694004665548906], [93.5379786350804, 25.703199354746573], [93.5435569974132, 25.701701063068686], [93.54441763110657, 25.705901538996063], [93.54592923640972, 25.71019123613063], [93.54881426407508, 25.714699332237263], [93.54978189476213, 25.71897117656319], [93.54619675324332, 25.72151732721057], [93.54483672363287, 25.726970798244302], [93.54670068598395, 25.73447098267423], [93.54988000194984, 25.73244215954569], [93.55692091072136, 25.737739568560823], [93.55626541054488, 25.74193113725998], [93.56194185893898, 25.740950104237395], [93.56548241846083, 25.741342464009165], [93.5700619061289, 25.751741071640343], [93.56925032864878, 25.755009637358004], [93.57341962912597, 25.75661046509523], [93.57382089365784, 25.759660450421293], [93.57325011976656, 25.76080198061808], [93.58376912624036, 25.75774755489201], [93.5871893329388, 25.75945087866647], [93.58711795716565, 25.76555095850807], [93.58822823271775, 25.768150602137435], [93.59266509984026, 25.766242117100653], [93.59371299750677, 25.764289008016164], [93.5983414996522, 25.768360153517033], [93.60275152066849, 25.770817135154754], [93.60556973268464, 25.767459487979984], [93.60571238226116, 25.772632001070935], [93.60807125914566, 25.776872588893788], [93.61141112362726, 25.776493561543337], [93.62233143338061, 25.779828953488686], [93.62355774537983, 25.783922474229325], [93.62113197394551, 25.78522896803595], [93.6238163229251, 25.790428267421987], [93.62695113059443, 25.79160100788535], [93.6275307872121, 25.798628589202764], [93.62980046455885, 25.79997964225108], [93.62899781677433, 25.804398679071447], [93.6333454263164, 25.805241393992326], [93.63405443316081, 25.80997248575084], [93.63611455288229, 25.81368252330963], [93.64029721702148, 25.813432784881595], [93.64099727421821, 25.81791862411876], [93.64435494654322, 25.81956845922632], [93.6484930505168, 25.82396959249882], [93.65235907834735, 25.82281918494395], [93.65673786658726, 25.82635083360524], [93.66082685790239, 25.824379888759324], [93.6686079882142, 25.82462955914355], [93.66950875689099, 25.82879436510397], [93.67256322666555, 25.828121099763198], [93.67806128901569, 25.828870145816122], [93.68287717970567, 25.835750610581016], [93.68250259654837, 25.840700151309612], [93.69201833343287, 25.844129216170867], [93.69053785933524, 25.847567243063935], [93.69377071468432, 25.84725061355723], [93.69785527280098, 25.851312836456856], [93.70358967770204, 25.853502296507187], [93.70363427463731, 25.849703091745447], [93.70237682646285, 25.846991992038937], [93.70548035898601, 25.848632921290754], [93.70643459179011, 25.85329265605717], [93.69090352296334, 25.889268699242567], [93.68582905403761, 25.904937988942393], [93.68768408644586, 25.909441719102887], [93.69767690566464, 25.91706676539205], [93.70506116502887, 25.92127615191163], [93.71250783314242, 25.922671846815703], [93.71650770702327, 25.92172201090431], [93.72894410386372, 25.928397365979393], [93.73644874699632, 25.93053765966472], [93.75009361328351, 25.93727982355584], [93.7518460658698, 25.93637020947511], [93.75201997371727, 25.93959862668597], [93.74941141850717, 25.94205111190779], [93.75885128748348, 25.948690687487066], [93.76278869463118, 25.954933460809684], [93.76841609541377, 25.95504940255047], [93.77025771540136, 25.95350203246764], [93.76954865861853, 25.95799242139048], [93.77301790566312, 25.966018800962345], [93.77881469944242, 25.963249681478185], [93.78028177758081, 25.96060983264292], [93.78518679339426, 25.95830007265332], [93.78660473208016, 25.95423333384761], [93.78942288992397, 25.952583462243464], [93.78919099753026, 25.949011747991406], [93.78660031162367, 25.947442127664235], [93.78940505201007, 25.946024187658693], [93.79068040103364, 25.944191493120343], [93.79142062067515, 25.940048944273315], [93.79326664065495, 25.936740273782597], [93.78862026753498, 25.932958981913558], [93.79321312289588, 25.930979123104915], [93.7936100088314, 25.92603846206819], [93.7922678068718, 25.9225202070103], [93.79630328380388, 25.918190409574436], [93.798332156959, 25.909691378931466], [93.79810922207952, 25.9062890770524], [93.79573255173038, 25.90121018839783], [93.79514390855857, 25.898039756689855], [93.79184867170456, 25.894909508097296], [93.79145622036097, 25.890057933959415], [93.78745199332127, 25.878932535874572], [93.78827693297498, 25.87572196272495], [93.79064022596674, 25.873782258357725], [93.79181741509352, 25.86968882717426], [93.78577981950146, 25.86689743224863], [93.7852848938757, 25.863263235155898], [93.78147229758254, 25.859267847042656], [93.78359038001788, 25.853930376872622], [93.7829661282182, 25.851402023360755], [93.7838044109676, 25.84996172413835], [93.77982249693567, 25.846309742721346], [93.78108884366088, 25.84464204736543], [93.78259158081087, 25.838220877265886], [93.78452235178649, 25.8357818247144], [93.78734497007125, 25.827965018830415], [93.78875847062442, 25.8260208116234], [93.79070266020598, 25.820799210120292], [93.79132250837996, 25.81603245013512], [93.79575931192541, 25.81435131167309], [93.80758481387087, 25.8163356865436], [93.81157572480687, 25.82127183679671], [93.81883958302848, 25.82623036143734], [93.82137238379924, 25.832401771650822], [93.82430196919414, 25.847090034497267], [93.83273862945038, 25.856249029318523], [93.84233904360714, 25.86260772170851], [93.85170760764271, 25.862968944320397], [93.86872799256707, 25.855410716067656], [93.87362853162094, 25.850920401976225], [93.88273406044904, 25.845912916164064], [93.88854874866652, 25.852458865136562], [93.89161661888772, 25.85863916994433], [93.89340913751144, 25.864810513443246], [93.8986128937703, 25.863749264351725], [93.90184132631207, 25.87103099364679], [93.91382740300537, 25.881768543161378], [93.91590082130165, 25.88765901615524], [93.92385139640255, 25.889799382111672], [93.93463355430015, 25.891431419552497], [93.94019399951782, 25.900960442445182], [93.9483586089792, 25.90120130442441], [93.95984084752213, 25.90525010319117], [93.96075493959624, 25.905856557696048], [93.96916928389957, 25.91142150365049], [93.97197849500013, 25.91753937012038], [93.97939397658297, 25.919679755125177], [93.98268033051288, 25.9262703353196], [93.97109113390786, 25.944851398960182], [93.9708458883886, 25.953261225839967], [93.9692093654909, 25.960841719071023], [93.95601042756871, 25.97418781445583], [93.95804383652434, 25.98157206120092], [93.96058553525523, 25.99700950451558], [93.95897579376133, 26.002458531333378], [93.9559881743493, 26.004572104978294], [93.95488672978507, 26.00732790260849], [93.95838270689727, 26.011889486722072], [93.96266340309843, 26.022158864198992], [93.96312720345325, 26.03335116524293], [93.96588736861317, 26.042403184177218], [93.97263400475033, 26.04495818821536], [93.97450235433271, 26.052159637778946], [93.98081199681219, 26.058629870273595], [93.99112144679187, 26.07264028850057], [93.98938680298843, 26.074120728970538], [93.9860246606309, 26.083569560741967], [93.98642599788634, 26.088300675275754], [93.99096533503376, 26.089491310462407], [93.99249486124727, 26.092782119842568], [93.99217375354377, 26.097829811548173], [93.99413134238166, 26.106088024091143], [93.99957141569502, 26.108469175412896], [94.00216663343306, 26.11138098125796], [94.00213540438381, 26.114859050378133], [93.99986126372157, 26.11591139922672], [93.99495625998382, 26.115701868260828], [93.99124182056873, 26.118118694382314], [93.99282033132067, 26.120267958582804], [93.99648123193977, 26.12236823391553], [93.99661057318157, 26.12813833174483], [93.99832731480696, 26.129360065614325], [93.99830504336828, 26.130978700557037], [93.99326182150863, 26.13282034603261], [93.99075129528879, 26.13387274374762], [93.99320381244192, 26.137390890222928], [93.99627612433547, 26.13741323234505], [93.99965614273114, 26.13649907507632], [94.00309860726473, 26.139022990636978], [94.00522553604023, 26.1418589826458], [94.00636263373832, 26.14724112000838], [94.00290679077408, 26.15133902640501], [93.99965614273114, 26.158241683996298], [94.00434710620972, 26.16406974469117], [94.0038967210182, 26.169380557105097], [94.004806373854, 26.173273323880093], [94.00876611979763, 26.18053277552963], [94.01300222468694, 26.186280556823313], [94.021956082972, 26.191457539909212], [94.0266203138569, 26.197147377797528], [94.03109725089352, 26.19939024343306], [94.03573471649455, 26.2031894397308], [94.03681832166191, 26.20971756968057], [94.03655967267895, 26.217712687151995], [94.04046580687975, 26.223509587344246], [94.03816941141561, 26.22951151672546], [94.04178573856213, 26.2338903305333], [94.04422040526768, 26.239972588055796], [94.04913435550588, 26.250210652592298], [94.0528576967977, 26.255788951002668], [94.06463414263077, 26.261768642109], [94.07047111789183, 26.260029598657738], [94.07601823854351, 26.269237669920564], [94.0778197312303, 26.275346566455212], [94.0768209046782, 26.285201251046157], [94.08006265676684, 26.28880859495467], [94.08444146744748, 26.28859905585341], [94.08722845138084, 26.29041837059756], [94.09028737063606, 26.297129348461244], [94.09807741384002, 26.30293949265657], [94.10267473394883, 26.30869171661911], [94.10447621106835, 26.32204233917004], [94.10804798100763, 26.32639885141954], [94.11128972267989, 26.32605106239322], [94.11840649578912, 26.32272006100869], [94.1287248288152, 26.3232507196237], [94.11936069126104, 26.330492296460417], [94.11936966741564, 26.333698381246073], [94.12397143740824, 26.335910142597438], [94.13565869588575, 26.33821995209338], [94.1387712049629, 26.3415508908942], [94.14264611291755, 26.34213052822719], [94.14383673799115, 26.3401998027716], [94.14224036794391, 26.336039431448835], [94.14671287254488, 26.335419625908067], [94.14932144367253, 26.339080573088772], [94.15453413288986, 26.33998123496243], [94.16452249394325, 26.339339116833035], [94.17214756392897, 26.344409141139902], [94.17550524599139, 26.344221875175045], [94.17928214281667, 26.350839154868353], [94.17999113729748, 26.354121097358608], [94.17534029864478, 26.355133290269514], [94.16937847579878, 26.354063119924447], [94.1676706239511, 26.35330955796781], [94.16446898119369, 26.360118613350515], [94.17357443341541, 26.367578624818297], [94.17560784022055, 26.371761292367253], [94.1754918845338, 26.374450123291616], [94.17405160185012, 26.3778211764244], [94.17909038071606, 26.388719215178824], [94.17694111460266, 26.39955928783239], [94.1768429717019, 26.41340931582568], [94.1740114404622, 26.420891671338733], [94.17652189879604, 26.428070811237152], [94.17575942688183, 26.431798592214637], [94.18654601892104, 26.46051080525429], [94.20111829394956, 26.469901600471506], [94.20936768221159, 26.483724815082315], [94.21148574661557, 26.489851668680465], [94.22361897323421, 26.500571304586995], [94.22892084955899, 26.50326018070645], [94.23989021738086, 26.51142922521781], [94.24482646882436, 26.51691843285285], [94.25205016910543, 26.527731690313484], [94.25331659560878, 26.53252973544243], [94.26257368332847, 26.54394949613537], [94.27674023438277, 26.55883843742633], [94.28228734150329, 26.563538315312574], [94.28978757024566, 26.564109104533493], [94.28890913345583, 26.55989970862077], [94.28531057632976, 26.558240894181644], [94.28483795940181, 26.555364740224462], [94.28562275950594, 26.546571432798036], [94.28494053163723, 26.540293045793597], [94.28562275950594, 26.534090398072273], [94.28906073284612, 26.52517216476306], [94.28878869995184, 26.51831854957016], [94.28707196499585, 26.51496088528445], [94.28723694892116, 26.508521869792702], [94.29023791374041, 26.49596952386536], [94.29242735338423, 26.490030007909947], [94.29392114831616, 26.480741686318847], [94.3033075290588, 26.467261813867143], [94.31098166556647, 26.466062392617225], [94.31347874672869, 26.465001105310908], [94.31651096830305, 26.46293209782582], [94.3243010240676, 26.470699833481255], [94.32478261212043, 26.472211446182474], [94.32388181250865, 26.479381679498204], [94.32932194676724, 26.483840824588476], [94.33259488395899, 26.485031368979485], [94.33693808269354, 26.484817300127823], [94.34340827806535, 26.49003893225601], [94.3496331779981, 26.492839208647478], [94.35206778858596, 26.495751045754474], [94.35182255855864, 26.499202431322356], [94.35356161507046, 26.502158816659595], [94.3555280983923, 26.50345188623425], [94.35372217999988, 26.50481196381774], [94.35111353026814, 26.508620017910026], [94.35459165377323, 26.51027882175394], [94.3587475267742, 26.509141714632143], [94.36445517699092, 26.510332332782937], [94.36924869532658, 26.509988937094928], [94.37761842744858, 26.513119235107464], [94.37806880954055, 26.517159184006562], [94.37690944808638, 26.52317008633275], [94.37827392211545, 26.525261398330464], [94.3914104554279, 26.532832911203066], [94.39409035742787, 26.532641229893603], [94.39656073778427, 26.52972943618352], [94.3994502508672, 26.532320141948315], [94.39891957311373, 26.53454968065296], [94.40248242631293, 26.538799185639192], [94.40133642409982, 26.544078801739087], [94.40267860828365, 26.546861263175142], [94.40674530876805, 26.548248078287717], [94.40794926714315, 26.549710626819284], [94.40763715043738, 26.552399420519656], [94.40479224002294, 26.555230981828974], [94.40609872501052, 26.55738027820243], [94.40896591537884, 26.55713059429514], [94.41195797444051, 26.55845050362111], [94.41057568718281, 26.56059976154568], [94.40776201259719, 26.561429178760925], [94.40930927593017, 26.568991801885204], [94.41188223497349, 26.573401840476368], [94.41484753480395, 26.583278734124754], [94.40600510089548, 26.601931194634368], [94.40857797946975, 26.609792572297913], [94.40786898148008, 26.614331927084436], [94.40988008338869, 26.6164411099934], [94.43448537136021, 26.6253815940033], [94.4545200861816, 26.639017505190278], [94.45681211385646, 26.636640824581598], [94.46250187746587, 26.635459103928547], [94.4648206433527, 26.638709809028878], [94.46446388549431, 26.64036861645324], [94.46166356394345, 26.643842238132553], [94.4614183807261, 26.648091764435108], [94.45857344168262, 26.655351162650675], [94.46182861742217, 26.663159049406648], [94.46452186535939, 26.66751119771005], [94.46794200247221, 26.669820932272494], [94.48574716914675, 26.673700362165857], [94.4927970133665, 26.672251140214872], [94.49826834693299, 26.67370933095015], [94.50300395725625, 26.677691255256935], [94.5071419526932, 26.6829797928392], [94.5099467650793, 26.683425718823457], [94.51550280330008, 26.68729617795252], [94.51967651879824, 26.694600174152033], [94.52009569334258, 26.701449385619924], [94.52272650084318, 26.70437008512645], [94.52776535345679, 26.701279916375405], [94.54087061673415, 26.709631805885167], [94.54505770228593, 26.710902659535815], [94.55036846137776, 26.710171371179175], [94.55467157058052, 26.70844128141041], [94.56112833217526, 26.708138062433324], [94.56343812007884, 26.707371095059653], [94.56472681787503, 26.70600209364287], [94.56233228708331, 26.693828775878455], [94.56295210172743, 26.690631568448083], [94.56608685903288, 26.689927053587677], [94.5708714780353, 26.690060817435878], [94.57469292768782, 26.691019504569223], [94.57150461529604, 26.69622327545666], [94.58278613683206, 26.705578509701358], [94.58539031019258, 26.703308825452226], [94.58897985562531, 26.70244379835165], [94.59240890988607, 26.702729108363794], [94.59493274406071, 26.706550585537613], [94.59501748291609, 26.71236076732837], [94.59616792834812, 26.71817991516272], [94.59831279293867, 26.719941271514593], [94.60372163969768, 26.716173326190233], [94.6046848022006, 26.717212324062338], [94.60463572996568, 26.71985210608228], [94.60318658305376, 26.7238117502701], [94.60048877432698, 26.72526097164148], [94.59333194483577, 26.726130534332473], [94.59517798308103, 26.72988952376451], [94.59993587083524, 26.737719711596128], [94.6041497360682, 26.739280365102044], [94.61006245828327, 26.740100894120598], [94.61044152714348, 26.735860229748223], [94.61194420039793, 26.732649733116453], [94.61740214883723, 26.730549488340404], [94.62014893812425, 26.726741377292758], [94.62108536632196, 26.72117198753316], [94.62271739789598, 26.719531060688766], [94.62829573364218, 26.718630266555632], [94.63197448748251, 26.71965142843545], [94.640290701732, 26.723972279246492], [94.64621689147127, 26.724511834611636], [94.65338714749677, 26.723628971993357], [94.65853733778118, 26.72480170416571], [94.66513688008463, 26.727762548032423], [94.68660744988051, 26.732591758309784], [94.69148117606754, 26.7357577025213], [94.69687671186024, 26.73969064377821], [94.71140446939754, 26.75282265539828], [94.71969395096689, 26.758039807337834], [94.73188064232696, 26.764010534813092], [94.7365092061855, 26.76740837954152], [94.73773101699001, 26.768848695967915], [94.74167733423272, 26.773570857084376], [94.74236402256334, 26.77864088024124], [94.74579751405142, 26.78214128946617], [94.75071591695979, 26.779670938730067], [94.75409590584373, 26.7743110534803], [94.75637004174378, 26.77226883976892], [94.7593442846203, 26.77413720483348], [94.76003095679619, 26.776629784184284], [94.76235865995888, 26.77992956267638], [94.76832486121543, 26.783398775911547], [94.76906513177465, 26.791099647387647], [94.77308725816526, 26.79496117343473], [94.78563510237746, 26.798568589570305], [94.79078540229553, 26.8014491766692], [94.79495913656005, 26.803732212929972], [94.8022095831776, 26.806059852095153], [94.80535769759105, 26.81219118355776], [94.8016121083859, 26.813809825455305], [94.79664465408673, 26.81851857739067], [94.80671773034791, 26.821229787329777], [94.80917920368127, 26.82328094700106], [94.81305861483546, 26.824761366920246], [94.81506966538664, 26.83002313513737], [94.81540856394948, 26.83680982826447], [94.8166972039993, 26.841469650693753], [94.82108941749881, 26.844867473439155], [94.82173154623537, 26.84930872580734], [94.82108498905068, 26.854458940753013], [94.82628431061136, 26.85931051454093], [94.83225948817073, 26.86271279123699], [94.83645550089845, 26.86846050323235], [94.83878318810757, 26.873998788105652], [94.8458419171567, 26.876790118893318], [94.85153175263801, 26.88133844880326], [94.85334654661258, 26.885338250682214], [94.85900961452855, 26.893279896815642], [94.86531929883833, 26.906911416234404], [94.86862344456695, 26.909890019956794], [94.8696356694429, 26.915009103418214], [94.88154591480496, 26.926709770516954], [94.8862235437737, 26.93246202117774], [94.89446838441752, 26.937331358875024], [94.90129083996057, 26.940341249569695], [94.90882221775779, 26.94227202823248], [94.91385661424746, 26.942566319699477], [94.91799019899514, 26.94514373653471], [94.92376919262999, 26.950329645032042], [94.92816141327243, 26.952099934033384], [94.93360144254561, 26.938539759402385], [94.93855106575603, 26.937968972479165], [94.94122206843961, 26.939271059881776], [94.94709025963652, 26.940202998402587], [94.95728374754968, 26.943551807715643], [94.96417304269242, 26.940639983552515], [94.96676828361383, 26.93618087507645], [94.96794102984191, 26.931489941303134], [94.97067441453973, 26.928359642534073], [94.97425958278299, 26.927601574210723], [94.97965953533456, 26.92461849740279], [94.98567040463361, 26.918250834894426], [94.98944729601362, 26.917831733044505], [94.99205140388841, 26.91838910281801], [94.99118631581638, 26.92291953055806], [94.99305913014912, 26.926161313123856], [94.99946683386753, 26.924288457412576], [95.0057898979144, 26.92486817434674], [95.01657196247594, 26.92435089356009], [95.02134766348567, 26.925398807535775], [95.02855805358749, 26.932511070015813], [95.03804704058874, 26.938481790710306], [95.05464822426944, 26.940880826773718], [95.0653367294757, 26.948189244631212], [95.08686077928198, 26.952737553998002], [95.11004814337926, 26.966908556662062], [95.11321850481997, 26.972321887547572], [95.11350388819947, 26.97757923820348], [95.11694187740153, 26.983679274691976], [95.12638182066726, 26.98690764123311], [95.1369855361287, 26.993578447403618], [95.14276005867025, 26.99830064993924], [95.1494843683417, 26.999839025849376], [95.15450091711277, 27.006041629931833], [95.19552018364794, 27.042949606059388], [95.1984542548233, 27.044430089711284], [95.20094246245831, 27.042329807688773], [95.20379623677468, 27.04300315046962], [95.20768902721478, 27.034780571949042], [95.21380695451053, 27.033478458744476], [95.21969744051526, 27.036791575040866], [95.2226314823087, 27.040889561068127], [95.22598472114615, 27.04226295518695], [95.22946728018668, 27.04017158540584], [95.23214722936584, 27.042922884994148], [95.23091202983655, 27.045709790004835], [95.23472007661572, 27.043578407814437], [95.23787716484492, 27.043221638480286], [95.24371412276201, 27.03416071954764], [95.2482311591599, 27.030254556613748], [95.25219535381734, 27.031917794923093], [95.26072111996756, 27.03725087436146], [95.25994970744753, 27.03897215680135], [95.26262518814315, 27.041009900211762], [95.26669184905062, 27.040439137498705], [95.27097259248195, 27.045072153404178], [95.27762562530604, 27.04977203022555], [95.27944933340807, 27.05391006914896], [95.27783067496723, 27.056768404365467], [95.28791720145944, 27.0663197796078], [95.29662134290845, 27.072852407440998], [95.30967759737476, 27.08113293980942], [95.31317801325793, 27.086742452414164], [95.32327338509316, 27.089569507710063], [95.33510782506563, 27.09591925624287], [95.34860106468612, 27.104761689466486], [95.36646867801286, 27.112850512970304], [95.37127119121527, 27.11140125424878], [95.37066470655655, 27.1101482740119], [95.3677841710869, 27.109711273002276], [95.36830143357065, 27.107361342735295], [95.37365678596264, 27.10799901309527], [95.37267136064047, 27.10167155078136], [95.3769743750368, 27.102179855888917], [95.38546898371604, 27.105091635953116], [95.38611548095872, 27.111708930179798], [95.39614845669831, 27.11446913501049], [95.40631077586083, 27.118321840889063], [95.4202722116204, 27.130780587043194], [95.42919042817921, 27.13404908528069], [95.44098477846133, 27.132809431013065], [95.44557759440066, 27.13428982314149], [95.44713388054932, 27.138329842923678], [95.45075018401288, 27.138838151352978], [95.45339886567206, 27.13588172401168], [95.45778665245477, 27.135640941750555], [95.46106851245148, 27.140220499280016], [95.46367711383475, 27.150360485645127], [95.46584871814561, 27.15480173589689], [95.46507279880149, 27.15761095600103], [95.46331592081829, 27.159541776206773], [95.45990029429785, 27.160420188668994], [95.45870970684253, 27.163291850695614], [95.46383763589733, 27.167019648585253], [95.46801136498537, 27.17229029304508], [95.46366823594585, 27.182122594543294], [95.4671151181648, 27.18554721302866], [95.46864454508915, 27.190501289157524], [95.46581304530477, 27.197426300102823], [95.46204952351691, 27.20300904133155], [95.45890140521158, 27.20956844344098], [95.45970851266044, 27.213429953037583], [95.46942939082798, 27.218259178375067], [95.4706734713971, 27.223213284890726], [95.47390182171472, 27.223650202173758], [95.4745082672728, 27.226869723245816], [95.48055482928133, 27.23234103037564], [95.487230120355, 27.24603045629725], [95.49099807056048, 27.248697044623007], [95.50627936803495, 27.254618656919988], [95.5106448044629, 27.258979718968757], [95.51088558171855, 27.266270304986747], [95.51618301254771, 27.268629168505626], [95.52046376633929, 27.263742042957013], [95.52593060519469, 27.266261441153386], [95.52971642765976, 27.269066168221098], [95.5348131264566, 27.270622452873862], [95.55416122365129, 27.259340924728576], [95.55613656695347, 27.25436900311216], [95.56326226244782, 27.252500625170693], [95.57446351378253, 27.251060336645057], [95.57829831248873, 27.247140773519373], [95.57787919223394, 27.242151084024744], [95.59008819650472, 27.229522896181834], [95.59916690898152, 27.229612022242527], [95.6073538375843, 27.231368952258624], [95.61913920322088, 27.236550431272942], [95.63413075035848, 27.239810059404277], [95.63700240369931, 27.236911627501332], [95.67920780193269, 27.253918580112607], [95.67939949961921, 27.256161544401145], [95.68441597026381, 27.25741008697271], [95.69542554913045, 27.25815031844689], [95.70188228246428, 27.255639851238023], [95.71549145531006, 27.259100086961805], [95.72107876401972, 27.257601828573794], [95.72548875200043, 27.259229411548827], [95.73187869384171, 27.266542296206445], [95.7363912899889, 27.266751882901776], [95.73992731489464, 27.269891094477774], [95.75701014593221, 27.274350241895657], [95.78468338188095, 27.279130342822455], [95.7908012400196, 27.285457831972185], [95.80075841402882, 27.288704077181652], [95.80628767620152, 27.291740685764303], [95.80650174578966, 27.2880084689878], [95.80848600862761, 27.285440014124088], [95.8101938225869, 27.28091845294117], [95.83793838207066, 27.28707204535153], [95.85022763940549, 27.293149816547977], [95.86046580511689, 27.294211022139287], [95.86192387243157, 27.29002841804182], [95.860639647269, 27.28342001155168], [95.86084924086133, 27.279794793021217], [95.86544212486122, 27.276677886200993], [95.8723849402759, 27.266912426065662], [95.8776021020702, 27.267411828848758], [95.88243130750597, 27.266943678844367], [95.88765739600842, 27.263322889822295], [95.89396695680799, 27.263010706020157], [95.89810948349385, 27.26430828580224], [95.90115953904007, 27.276388038797148], [95.90428984368366, 27.279861632260946], [95.90453504391235, 27.286238215267744], [95.90239024047085, 27.287830103103843], [95.90643463411634, 27.29187896204647], [95.91229389381829, 27.29314090825936], [95.91874619260537, 27.29922305569904], [95.94056903232284, 27.309590529392175], [95.96321679841299, 27.31706845280874], [95.96556678231268, 27.321661257481964], [95.96261042298968, 27.324332265894185], [95.96785877991154, 27.32456861740765], [95.96903147086662, 27.32841232145413], [95.9687104265146, 27.33183250484247], [95.97804334699666, 27.33269305918308], [95.98420582027605, 27.334342995186397], [95.97228218102417, 27.334632847107144], [95.97001695858445, 27.336982793206857], [95.97421294238784, 27.33935946188277], [95.97733880223218, 27.342302448583865], [95.99368137653538, 27.35143919337545], [95.99487199763209, 27.360241460020724], [95.99697222491575, 27.363478740278303], [96.00211354872447, 27.36412980312695], [96.00314364129937, 27.364459728388113], [96.01319891676404, 27.364031646226337], [96.01835808168731, 27.36790218870334], [96.02091316406238, 27.37125985555145], [96.01494684376743, 27.375455919811518], [96.01056803943885, 27.381283943457397], [96.00836967482189, 27.387210096194593], [96.0020511610096, 27.393497411798222], [96.00006681312107, 27.39756858784241], [96.00100768956382, 27.403472454342374], [95.99459108512886, 27.41235938323641], [95.9909345798771, 27.414571097665505], [95.99122443251734, 27.41940028597262], [95.98945419039262, 27.421719032275107], [95.97952378089764, 27.421848409633828], [95.97807456885369, 27.4253309263692], [95.980928411255, 27.426120190617386], [95.98023278841166, 27.430218067628207], [95.9778293123216, 27.43229156933959], [95.97778469832878, 27.435502164848593], [95.97329886031152, 27.436750695299203], [95.97177832486236, 27.43036974759476], [95.96803268972504, 27.42411804152598], [95.9670338443793, 27.43666148228407], [95.96357798101832, 27.435479850708834], [95.9610541839672, 27.42871094946857], [95.95729066238346, 27.432880160629562], [95.95297424013145, 27.433281513940457], [95.95052176745219, 27.437241197164337], [95.95350487500764, 27.44077280671294], [95.9530723830399, 27.443448208354035], [95.9498885856607, 27.445022339073454], [95.94299925089975, 27.44639128796054], [95.93327396430949, 27.446685590402524], [95.91684661771112, 27.443162844053795], [95.91117017152523, 27.43996119949682], [95.9079685964707, 27.43263941319456], [95.90612697605533, 27.423270847304803], [95.90010273835262, 27.411333798710572], [95.89305731004067, 27.406040809816893], [95.89187570012504, 27.409782004653763], [95.89425682853346, 27.41437940296133], [95.894377192578, 27.41829002663329], [95.89002957669916, 27.426410009838097], [95.88941869921642, 27.431631610241926], [95.89037292108227, 27.439671436605522], [95.88865621874078, 27.44406804143204], [95.88259184198864, 27.444081400423173], [95.87576938330113, 27.435359401067068], [95.8649070299321, 27.429014145283237], [95.86324379688051, 27.42485828849685], [95.86422924986083, 27.421317711444107], [95.86666839197525, 27.419208594431716], [95.86733275123393, 27.417148442372344], [95.85795525523076, 27.420680075423228], [95.85761193481916, 27.424818130193543], [95.85573465743971, 27.42766749726682], [95.8493403097875, 27.430320667777178], [95.84947410878667, 27.434909083135047], [95.85291208859456, 27.44475921396], [95.85517283827863, 27.44737226532205], [95.85955610112282, 27.449053306515157], [95.86379224399977, 27.452032043281157], [95.85945802976758, 27.462609007363653], [95.86116584693657, 27.466301111365617], [95.86606636803587, 27.469021154136914], [95.87625987474453, 27.47110801991449], [95.87843145485766, 27.47560281836242], [95.88125409456549, 27.487419432634546], [95.87915828561783, 27.49267227453423], [95.87905132238409, 27.499191466471828], [95.88046481497986, 27.501100007130766], [95.886047666004, 27.50356135646997], [95.88964168529408, 27.50616993588056], [95.8871088923707, 27.51127116742683], [95.88179811470754, 27.515088162834736], [95.8784805059924, 27.519832684987755], [95.88080818536544, 27.522512593364212], [95.87992080689034, 27.529789794198543], [95.88144136774902, 27.545833715026482], [95.88133431990954, 27.55323130729681], [95.87362012756091, 27.55117123305748], [95.86702062226048, 27.551099832412174], [95.86235643598611, 27.55260258255848], [95.85209604971574, 27.565649874096774], [95.84601378579804, 27.567990928525816], [95.8398959168504, 27.566608608378555], [95.83628853251871, 27.571179182979957], [95.8319319985478, 27.5788890177909], [95.82772707534573, 27.581751730376705], [95.82124349776382, 27.581720557383644], [95.81980766171681, 27.590282031412812], [95.8202580264462, 27.595570450011742], [95.82419542216624, 27.603008238374166], [95.82087785680346, 27.604720549514056], [95.81682457376428, 27.60543845281466], [95.80960974279694, 27.605269052280423], [95.79802498266051, 27.6078285220429], [95.79606744899489, 27.618191493715507], [95.79429714154983, 27.622369714000993], [95.78711800074598, 27.623413072670957], [95.78504003599998, 27.62739952696075], [95.78734543206035, 27.632300056689495], [95.7974184999118, 27.635889646427696], [95.79733830630076, 27.639559523322657], [95.79959012267177, 27.64297070838588], [95.8014540585585, 27.649008351151902], [95.79485452937786, 27.652798544744552], [95.78623064088004, 27.65566135683595], [95.77922092935329, 27.660539570958818], [95.77784753438306, 27.66626061070781], [95.77847183014582, 27.67235174406571], [95.78044720156913, 27.679187559621873], [95.78549046062703, 27.6832587152047], [95.7945335280472, 27.68419061708732], [95.79646873133514, 27.688061167452098], [95.79312889605156, 27.69227053256574], [95.7787616265343, 27.694393097316514], [95.7745522390511, 27.696702855893705], [95.77266606730959, 27.6999491451116], [95.77336170629972, 27.705349102263032], [95.77262144441963, 27.711319838039785], [95.77052123149254, 27.715997456906212], [95.77039195045477, 27.720028467568103], [95.76304775235293, 27.722659318765633], [95.75871351389995, 27.726681403585808], [95.75821859893897, 27.731109343535632], [95.76267322273752, 27.7329331065809], [95.77188127212656, 27.734511594707993], [95.78479926407923, 27.73978224602593], [95.78777351675986, 27.74205196544967], [95.7805319560026, 27.758220651738547], [95.78882584772269, 27.765051992719457], [95.79538521889735, 27.772632468823733], [95.80095018201803, 27.776864131938403], [95.80636796226317, 27.783579563731056], [95.80758079367445, 27.789951595252386], [95.81131758883186, 27.79371958371694], [95.82312967409175, 27.809246150061163], [95.82893993713476, 27.81366065378163], [95.83497757115406, 27.815769801661048], [95.84336957147453, 27.821468509934313], [95.84599148722978, 27.830101350933504], [95.85209604971575, 27.83411009247087], [95.86633396032926, 27.838462211907963], [95.87372716167575, 27.839799946027558], [95.87657205167687, 27.841770828946874], [95.89209861473736, 27.857038762968024], [95.89422564993461, 27.86095833961852], [95.89502824215694, 27.86722341778763], [95.89763686156869, 27.86746863683501], [95.90055757291293, 27.86667940666431], [95.90722836370588, 27.868641390716654], [95.90618048169233, 27.877229575775058], [95.91137534759947, 27.8730202384821], [95.91409089368602, 27.874652235965534], [95.91291813929806, 27.87813924503403], [95.91400175968387, 27.880850426712186], [95.9186614845895, 27.882781216180778], [95.92262120766793, 27.88617903104634], [95.92127902524659, 27.890468686929548], [95.92375376781939, 27.89033047821096], [95.92735229199398, 27.887262609462095], [95.92855176708095, 27.89053111137199], [95.92392771211122, 27.89599792502084], [95.92501128832025, 27.900938612746312], [95.92864092256444, 27.902851631055384], [95.93833055369838, 27.90327079562608], [95.93931602555965, 27.909821152411993], [95.94351205957173, 27.912639324737192], [95.95249272123195, 27.922819458191174], [95.95529745530183, 27.926819248628075], [95.95381261310919, 27.930239362998975], [95.9575404328328, 27.932879137547978], [95.95754930425937, 27.937079653334692], [95.95234554865979, 27.9371777799714], [95.9515517906493, 27.939170959547376], [95.95231434005622, 27.941841936829086], [95.965210024127, 27.952633020843237], [95.9774636883062, 27.96850291682142], [95.95688491865415, 27.969131686903424], [95.89138290627513, 27.97325186013154], [95.8258809908626, 27.97737210234831], [95.77109648726912, 27.972471540561976], [95.71631197500423, 27.967571001548563], [95.661527404316, 27.962670416426796], [95.60674288727941, 27.957769887697072], [95.5969462596463, 27.95113024510259], [95.58866123061127, 27.941627904498585], [95.58053676982779, 27.943558734511015], [95.57121277769578, 27.942381484583755], [95.56626321918827, 27.931590521127326], [95.56505035140674, 27.922520732348826], [95.54379823117918, 27.91345982430261], [95.54206813392659, 27.9107397707471], [95.5443422909367, 27.90578124659627], [95.54353513328653, 27.902320934526095], [95.53302059515659, 27.90043034478389], [95.52622941379357, 27.897897505956674], [95.51595117935923, 27.881786820408056], [95.48304749281955, 27.87184522834627], [95.45014374621584, 27.86190367634504], [95.41724007951582, 27.85196207928702], [95.38433631305706, 27.842020542908912], [95.35044714210808, 27.85657500923609], [95.31655801823759, 27.871129586865635], [95.30847366824301, 27.867820939927316], [95.29255016567504, 27.864989394786473], [95.23654385156028, 27.848352436165012], [95.1948602275404, 27.834448942236342], [95.15910157995678, 27.823393762635824], [95.12334294322753, 27.812338506199143], [95.08758423716718, 27.801283277458083], [95.05182562026918, 27.790228082962017], [95.04886475797474, 27.786460152713918], [95.03875597875636, 27.77772918262303], [95.03122009820206, 27.774772844837532], [95.01914931602685, 27.772503149602485], [94.9978793964921, 27.776551985781165], [94.9870393773647, 27.77085329735945], [94.93002973913526, 27.756731275106986], [94.88394049430353, 27.74206082902896], [94.86449432200605, 27.739884863962352], [94.86448094709905, 27.73988479734715], [94.86216666191906, 27.739358695773387], [94.86135067447559, 27.739171372506622], [94.86602826321705, 27.73624172592127], [94.86071750308614, 27.733383460354347], [94.85357846409629, 27.731622085990967], [94.84879384935067, 27.71068218184455], [94.83938509937198, 27.703538697264012], [94.82126782099033, 27.69622128856863], [94.81803047242698, 27.696841104986788], [94.80021639201105, 27.697090852953924], [94.7975765957134, 27.698932466439825], [94.7953470760973, 27.698080730836896], [94.79405838120044, 27.693220332576214], [94.7909905011589, 27.68885045197973], [94.77644942133401, 27.683379085245868], [94.77216418466777, 27.68396770414265], [94.76693812503845, 27.680137345669255], [94.76432062046825, 27.67455901073072], [94.75955827138311, 27.668441107417003], [94.75591966184594, 27.666519206209173], [94.74266725473426, 27.663420177146808], [94.73703096360502, 27.665649755212968], [94.72767577230083, 27.6678614080301], [94.72553978926673, 27.67034069236023], [94.72070170894024, 27.66998837796855], [94.71663503315786, 27.66164991847528], [94.71306769537688, 27.6602630944526], [94.69808067528437, 27.66709894223365], [94.68940774413059, 27.6671925386352], [94.68387395450456, 27.663339902121795], [94.68650931556746, 27.657141720603345], [94.68699533457676, 27.65331136062215], [94.68250946672498, 27.649588037153542], [94.67574503542286, 27.65064931697086], [94.66911432221143, 27.650279202271584], [94.6646419084089, 27.647857882536535], [94.6484241151428, 27.642069979030744], [94.64521807331116, 27.636540746024114], [94.6397913052746, 27.630962394809597], [94.63445373994945, 27.628772928236174], [94.63069026034242, 27.628291393337708], [94.62497819669593, 27.630119618542718], [94.61406676269495, 27.6257407738216], [94.60938467840863, 27.622632777160796], [94.60407837331098, 27.6231009975366], [94.60060920091966, 27.62193266246315], [94.59577108177254, 27.621468928990453], [94.59146801472609, 27.622811119935804], [94.58629550900798, 27.620108890376137], [94.58185422684514, 27.616679842773273], [94.57353349102947, 27.606967905296074], [94.56947124998315, 27.606352555701513], [94.56389738191497, 27.60695905923617], [94.55612075897567, 27.6032401318136], [94.55171067239168, 27.604051717141346], [94.54641772121194, 27.60352993727215], [94.53658984636078, 27.59698851996654], [94.53172943979264, 27.59693052066193], [94.52628491312142, 27.59577117025021], [94.51566330367602, 27.58473039552497], [94.50940720948988, 27.584070419804288], [94.50023040214839, 27.577310422694595], [94.490968852526, 27.57549111952559], [94.48310739958426, 27.577203475336034], [94.47915663244218, 27.576993876199417], [94.46930651974544, 27.56400899674553], [94.45974172203456, 27.557712728236343], [94.45622352494479, 27.562903097189782], [94.45346777670453, 27.570938370437336], [94.44960621256908, 27.575040788283143], [94.44238243140906, 27.5794597584129], [94.43605052495536, 27.584422771514895], [94.4342802786158, 27.588328931576452], [94.43095375565296, 27.588230838362975], [94.42999062813028, 27.588199625794864], [94.4292058180168, 27.588270961731578], [94.41309062583167, 27.58976919641626], [94.40770401561808, 27.590794811164763], [94.40318248535644, 27.587191872544828], [94.39483055723484, 27.588779256279153], [94.38904716600321, 27.58918062769855], [94.3864742077658, 27.588297706994677], [94.38437848028738, 27.586460500043184], [94.38043216207099, 27.585091564902903], [94.37583929064374, 27.58457881041335], [94.37230770380238, 27.579272449595113], [94.36749187406637, 27.576748573435957], [94.36219886093053, 27.58023117176459], [94.35569752888722, 27.57738182384497], [94.34884837201923, 27.5794507920904], [94.34636013300877, 27.58283978920424], [94.34635574316215, 27.582844216242638], [94.34143730429619, 27.583660191381608], [94.3414328364728, 27.583660241210577], [94.34057674572833, 27.583441750007957], [94.33814203374617, 27.581038310803105], [94.33157381313511, 27.586353540510224], [94.33156487914583, 27.586362398430335], [94.32951817312377, 27.5870803399712], [94.32707456405535, 27.587936509940366], [94.32707009743864, 27.587936469908342], [94.32373912461854, 27.58716952875662], [94.32138917836996, 27.58884612335201], [94.31654215006728, 27.588431427528416], [94.28896707945256, 27.58768232759205], [94.287107671013, 27.587633279879135], [94.28627821705228, 27.587610980711307], [94.28487804867935, 27.587191862498837], [94.27642810357145, 27.584690292804524], [94.26965914607494, 27.578331622247266], [94.2667027887649, 27.57504969544578], [94.25910894308319, 27.56663982741775], [94.25338788386571, 27.559960129324985], [94.25650032432924, 27.557431791111718], [94.25573786784555, 27.550760935944957], [94.25686602248977, 27.54050062119462], [94.26251122677365, 27.52743092688551], [94.25972877602655, 27.52348908908872], [94.25905541239722, 27.52260174934975], [94.22167036187896, 27.50703058173478], [94.21540082067277, 27.503137813957522], [94.2123240354371, 27.497947357253185], [94.21065630654336, 27.497902770550894], [94.19522788258392, 27.497461385260074], [94.19124584011811, 27.496319815291606], [94.1868982584271, 27.490808341309663], [94.17471153442541, 27.484070702813064], [94.16816109831319, 27.484186613584765], [94.16815219192044, 27.484186611012273], [94.15789623388905, 27.474443424930065], [94.15789623388905, 27.474439042233435], [94.15873905807584, 27.47000223696372], [94.16020165185942, 27.46647059894396], [94.15445829205154, 27.46045968712418], [94.14080896288797, 27.44846030751418], [94.13585490584167, 27.44585612883081], [94.12333821532638, 27.434980434967056], [94.11708212475085, 27.43097167691743], [94.10652293365138, 27.418049225700493], [94.09992351836888, 27.41392006951166], [94.0933016888841, 27.410941439888518], [94.08634996087154, 27.404560458652952], [94.0724464773892, 27.383009564358566], [94.06864734373991, 27.37439911229184], [94.0631492711249, 27.368909903294227], [94.06092867040212, 27.363559015054292], [94.054833089602, 27.36283219805983], [94.04831831952283, 27.358747593848623], [94.04164303530958, 27.353289674811023], [94.03008062029875, 27.34798782974929], [94.02583104410851, 27.347698007384057], [94.00978723983314, 27.33889127065388], [94.00000844670953, 27.334708570365578], [94.0006861947221, 27.330142536945964], [93.99780113516002, 27.327859473778602], [93.9960309151336, 27.32788172082335], [93.99018057886914, 27.324648909023274], [93.98567237394697, 27.320577726985572], [93.98095025119389, 27.313768654388788], [93.97266965251487, 27.308341938317305], [93.96029567381092, 27.29793443605139], [93.96027334092956, 27.29791214440393], [93.95729023725, 27.294500941707657], [93.9372911590102, 27.26985097065794], [93.91912925067142, 27.250337938316726], [93.89735101782819, 27.230374586462624], [93.8965528405575, 27.229643309132445], [93.89654833287297, 27.229638776241018], [93.89500999204529, 27.227926559546912], [93.87716910237064, 27.20811915739956], [93.86275726368572, 27.192561394396947], [93.86121892589394, 27.19089812296499], [93.84847029347118, 27.172290351521955], [93.84570570910132, 27.159782573705666], [93.84520181706894, 27.15749053197618], [93.84653508426273, 27.143894738600885], [93.84743132456113, 27.13479822089661], [93.84693191886545, 27.10411955872167], [93.84679813921814, 27.1014352230682], [93.84546936836854, 27.07428819821476], [93.84106822631269, 27.04953122084783], [93.83840170100218, 27.04663284928834], [93.83420120415026, 27.04207114900484], [93.829198101999, 27.03717956127658], [93.81599915889849, 27.02906845796444], [93.81100497702357, 27.028551160262396], [93.79130909066575, 27.02650004528061], [93.77732091304887, 27.024328464260446], [93.76948183134031, 27.023111052223094], [93.74575044497281, 27.019410079354007], [93.74105060773222, 27.017590707548376], [93.71393032712895, 27.007089575200133], [93.7080978058796, 27.00234954119266], [93.70366996769889, 26.9987465317714], [93.7032819908894, 26.99842995905848], [93.70327750025524, 26.99842998693862], [93.70099003849587, 26.997159157942008], [93.70099003849587, 26.997154673538883], [93.70094985689647, 26.997101194474226], [93.69827889726986, 26.994791338427458], [93.69655763527076, 26.992379003092093], [93.67578270594873, 26.971073344914743], [93.65511478543328, 26.966480470696922], [93.64016784708359, 26.964781634194367], [93.63581129772143, 26.964621051557724], [93.62436038369673, 26.959341526743156], [93.58306013339917, 26.94628971809151], [93.56673097012371, 26.941839551177114], [93.54157268001445, 26.939213145807578], [93.53818823108533, 26.938860840312945], [93.5364402612643, 26.938477394094214], [93.530910995257, 26.937268975930156], [93.51234772447057, 26.936386076661517], [93.49459161194292, 26.93553876537159], [93.48753281516451, 26.935168738026828], [93.47617103823568, 26.93457116800093], [93.45849516422045, 26.932270274900386], [93.4505891624196, 26.931240209741183], [93.44197866172556, 26.93029939077151], [93.41850151386339, 26.928408686555432], [93.4047719668874, 26.92731171796858], [93.36575036696084, 26.924279595850038], [93.35851766986117, 26.922732311552203], [93.35788892689274, 26.922598502711644], [93.35787554783394, 26.9225984606532], [93.34950135424913, 26.921938538574565], [93.31224113552831, 26.918982201775314], [93.29339692728828, 26.9165831623097], [93.27725948014671, 26.914532018430908], [93.26723544824506, 26.91381403860478], [93.25701066238622, 26.913078315286477], [93.2484314022503, 26.912181998362623], [93.24116749256517, 26.911415031786362], [93.23141099906722, 26.9103894571976], [93.22160094077744, 26.907758563150164], [93.21302169051151, 26.904770974357046], [93.1671018653803, 26.894568545646617], [93.16675406285775, 26.894515088478833], [93.16619219203416, 26.894421434812223], [93.14180089250412, 26.89025215212941], [93.1320711200167, 26.888588893061524], [93.12648832718632, 26.887349275756886], [93.1099985612061, 26.883679444839277], [93.08753814193396, 26.882439869253293], [93.07198919463947, 26.883880083351354], [93.05700218940048, 26.886256787346884], [93.04943062926088, 26.88746081703916], [93.03922818771566, 26.890118446531034], [93.02404053445252, 26.894738038793765], [93.01978205573224, 26.896031173848417], [93.01568864578985, 26.897154858832334], [92.99556019708211, 26.902701964395145], [92.96020844261251, 26.91087104885467], [92.94876644255872, 26.912922234960384], [92.93571912144829, 26.91525880779892], [92.92405856191019, 26.916498405084564], [92.91685710742658, 26.917265406120222], [92.90839821562315, 26.91816170310944], [92.89548013939219, 26.91668571471327], [92.88471146055487, 26.915459448677186], [92.86261213394252, 26.91191893156713], [92.84905200561192, 26.909109697592072], [92.83681624605303, 26.905934849686705], [92.8348810099708, 26.905430989919388], [92.81172935021982, 26.900829142292803], [92.80328827004001, 26.89915701612974], [92.80199068245652, 26.898898385799054], [92.79529306453551, 26.900129098407316], [92.78967909498733, 26.90115916370353], [92.78607614980314, 26.902363131100106], [92.77276120500824, 26.906799924031525], [92.76760207395488, 26.90921671177054], [92.76345953060512, 26.91116090654224], [92.74360761944965, 26.919842765180793], [92.73112214864949, 26.925300719190158], [92.70226727981131, 26.94014508274084], [92.69869999853739, 26.94198219756276], [92.68102862098186, 26.95156929168557], [92.68003871704796, 26.951845743965265], [92.66476181209002, 26.956081884330416], [92.64636800900666, 26.956269145565155], [92.63308880494873, 26.955305974991663], [92.6139682100547, 26.953919216899607], [92.59487877305025, 26.95309878426637], [92.57034031843092, 26.95008882994163], [92.55047950439679, 26.94580811068071], [92.55001130008665, 26.94570556835815], [92.54989094217822, 26.94567882488633], [92.5484283010541, 26.945362174805325], [92.53357060071454, 26.940158464902026], [92.52655641607205, 26.937808523191823], [92.51149808134599, 26.93276082297906], [92.49577975578815, 26.925501372851986], [92.48184499995584, 26.92200989044421], [92.46733954810468, 26.91838022159434], [92.44883878651002, 26.91463900766968], [92.43345040934173, 26.911531003379217], [92.426806353569, 26.910086254647698], [92.42306070670641, 26.909270235608922], [92.41209130003394, 26.907455395526956], [92.40397132376577, 26.906108775310123], [92.37380098832159, 26.905051961441153], [92.34908419825675, 26.90426716205715], [92.34660495308407, 26.90418685339479], [92.34195859426164, 26.904039723743907], [92.32868384990977, 26.90256379697375], [92.32269082632575, 26.9018993654251], [92.28507827491491, 26.89599997515635], [92.26073159663396, 26.88932911000303], [92.24685487228172, 26.88594470415185], [92.24042929263334, 26.884379580093594], [92.23750859633057, 26.883652746448128], [92.1971314604404, 26.873588471302565], [92.16884288088437, 26.868558648708422], [92.15519801380988, 26.866128407229798], [92.14735002822538, 26.864665883008076], [92.13126159064755, 26.861660376784183], [92.12154074500367, 26.85985001716811], [92.10793158177349, 26.85827151487668], [92.10167102824703, 26.862770700443978], [92.09698451491613, 26.863479740510915], [92.0961104610354, 26.863609062318908], [92.09610604477497, 26.86360903764239], [92.06960114383742, 26.854160220571387], [92.04664570561657, 26.85209118592178], [92.04327905776108, 26.85178799601031], [92.03567185912185, 26.849108055507102], [92.01818768119674, 26.8499641919858], [92.00926057970969, 26.850401169022863], [92.00637999875295, 26.85126175918618], [91.99995001431304, 26.8531881172169], [91.98367872756035, 26.85928822143115], [91.97139831960482, 26.868679073837402], [91.97024794276878, 26.870190703263642], [91.96964149152383, 26.870988852484984], [91.96211002123458, 26.88088802400452], [91.96021491015742, 26.88272518033829], [91.94817980689501, 26.894381267187203], [91.93957818982896, 26.89994180922866], [91.93591281542507, 26.899330918999194], [91.9332106140306, 26.898880537448566], [91.92948722846344, 26.89557190656], [91.92844830415271, 26.89464886515615], [91.92773034804992, 26.89225879706445], [91.92608941324752, 26.886791904198777], [91.92888976197231, 26.877891553638793], [91.93314819208732, 26.871862801784268], [91.93607779288435, 26.86771144251977], [91.93607779288435, 26.86770695064796], [91.93524396194236, 26.864870984258246], [91.93396863376653, 26.860541191814438], [91.93075810204944, 26.85610885826823], [91.9238999794568, 26.853901616009033], [91.91746107970238, 26.855600517548865], [91.91511559771688, 26.85541768891013], [91.90927860072317, 26.854958424572146], [91.90403025637528, 26.85024954010739], [91.90689747914509, 26.847097024753584], [91.90814154062862, 26.845728038206104], [91.91590036831123, 26.837188913122823], [91.9162793771732, 26.832368557110133], [91.91090176657423, 26.823298732820895], [91.91512007057901, 26.809150048050533], [91.91359499995896, 26.805743276247135], [91.91293952949538, 26.804280743229533], [91.90678150467788, 26.805069997198718], [91.90059676571654, 26.809917036802055], [91.90050309019031, 26.809988380940638], [91.90049861880979, 26.809988350804467], [91.89213338542959, 26.812512198355453], [91.89198176015122, 26.812561212568074], [91.88846799978595, 26.819379249743562], [91.88989042765802, 26.83318905973732], [91.88886040707837, 26.852229460579036], [91.88373241783584, 26.857446607383142], [91.88334005622382, 26.857847928025432], [91.87631695017356, 26.86011315134439], [91.87162147594886, 26.86162917719261], [91.86731849466584, 26.86302048526519], [91.85192121662276, 26.863573374840815], [91.85143072891171, 26.863591176838383], [91.83891848223473, 26.861941351713565], [91.83850821350823, 26.861664911729438], [91.83048184271267, 26.856309473031583], [91.8287829242724, 26.855176910916832], [91.80724100194705, 26.840800702372658], [91.79235209044431, 26.83312217721343], [91.78830321683522, 26.831735436195466], [91.78075395767945, 26.829158052593147], [91.77435064487061, 26.826968593943644], [91.7744309730806, 26.82490403607403], [91.77448001720371, 26.823731275634227], [91.76541462684717, 26.821657828181685], [91.75790104085925, 26.819941038720916], [91.7480598312005, 26.815539962088334], [91.74223180707476, 26.81293136819987], [91.73623877480442, 26.80750909810271], [91.7277441375006, 26.80265316282608], [91.71533002503193, 26.79554982545972], [91.70816867561444, 26.795389237476304], [91.70745520981022, 26.796593225008493], [91.7069023115463, 26.797525205101852], [91.70064174156177, 26.808079898217365], [91.68742493005195, 26.804789059394267], [91.67624150365607, 26.8020020628886], [91.67275898315137, 26.802109094270975], [91.66777815958709, 26.802269645659774], [91.66068372281, 26.805136880940307], [91.64628977063269, 26.810951499097055], [91.63521777222823, 26.81322123926036], [91.6304242776978, 26.81244530634074], [91.62636202263297, 26.81178981522699], [91.62369548443012, 26.811357342219456], [91.61533910745003, 26.81000174165656], [91.58313996444234, 26.799821626535955], [91.573940824548, 26.79937126101065], [91.54975915791111, 26.803161431460513], [91.54340047620289, 26.807442221800578], [91.54088105129432, 26.809141111665067], [91.53343879484767, 26.817921138524923], [91.53062512571891, 26.823437032874203], [91.52799872329489, 26.828591711347027], [91.52189865732889, 26.850468073047207], [91.52003922048895, 26.857130014658647], [91.51966017713569, 26.858481088889018], [91.51117007135888, 26.868380261838595], [91.50025868807984, 26.873401274953032], [91.48528948469381, 26.873155946037464], [91.47286190289499, 26.872950905822638], [91.45993054658756, 26.868728104414267], [91.45115506656428, 26.871791474931687], [91.44517089635958, 26.873878344892507], [91.44394469583281, 26.873820369913926], [91.4356819627932, 26.87342798854918], [91.43545008965813, 26.87341460757203], [91.43520037586916, 26.873401226738427], [91.42836901965816, 26.870699038873095], [91.41792133757728, 26.860799788410855], [91.41384130035954, 26.85267533545183], [91.41145123560455, 26.847921963361205], [91.40634998211091, 26.83775966882122], [91.38108028290479, 26.802670964726563], [91.37595227191083, 26.79897440582828], [91.3573087781906, 26.78553015956269], [91.33454061846817, 26.777370058606337], [91.32020016828649, 26.777691046349098], [91.30834785965723, 26.78084816156599], [91.30211849753884, 26.7825113639395], [91.29518909066711, 26.78575312537995], [91.29096179441541, 26.787728568250085], [91.28669892280338, 26.79147420362399], [91.28435790677538, 26.793529788437063], [91.2782935434238, 26.797355687393843], [91.26266880177667, 26.807210358800173], [91.22663481286955, 26.81176751731974], [91.21459975313896, 26.81328809746301], [91.17729934976627, 26.811700657598465], [91.14250050449022, 26.8102113286425], [91.13479075531075, 26.812003827834967], [91.12831166164914, 26.813511015089716], [91.10316229655045, 26.814969182361537], [91.08804149464206, 26.815852041382232], [91.08171853920068, 26.81338169826815], [91.05492826724557, 26.790475308401554], [91.05312229218895, 26.78893250709915], [91.05311783561436, 26.78892804529997], [91.0518603701761, 26.788602479856262], [91.04881929123412, 26.787808749838124], [91.04745033811916, 26.787447556409116], [91.04526091091195, 26.786867903223687], [91.02945340665877, 26.78720680934004], [90.99835560624474, 26.78786234061411], [90.99377167611357, 26.787960388951223], [90.98294941022381, 26.789949131690104], [90.95553484420628, 26.789253492744745], [90.90853150782227, 26.788058504847566], [90.87229686079756, 26.786500038563798], [90.83606217234397, 26.78494157751647], [90.77767023156053, 26.782399853845416], [90.77693003868995, 26.782395442694487], [90.74440982345091, 26.78210109280148], [90.70891091124389, 26.772991182581155], [90.69693822389898, 26.771711439007504], [90.68764096794125, 26.773949919816488], [90.68308378851698, 26.776995501368035], [90.67713088102833, 26.78098192223176], [90.67311325717857, 26.782569347774647], [90.67010782986895, 26.78375991193947], [90.66097111647883, 26.779786841785203], [90.65702036966117, 26.77807011890359], [90.64955139358347, 26.779220556500118], [90.64535085466349, 26.781146902962345], [90.63905018408845, 26.78404083721369], [90.63820738283896, 26.78442437017388], [90.63782836670461, 26.78459823372623], [90.63782836670461, 26.784602728910336], [90.63565681292283, 26.786297136761668], [90.6219807323625, 26.796981121272875], [90.61910013622382, 26.79814500765486], [90.60508077433934, 26.803808043040302], [90.57627941686344, 26.807049816406707], [90.5734657219862, 26.807910418721107], [90.5537297350029, 26.813930188404377], [90.54803097400374, 26.816387156308373], [90.53732024146149, 26.820997869902634], [90.53292801622442, 26.824293187546395], [90.51698225609977, 26.836239116099865], [90.51576049398082, 26.837153173603113], [90.51526108628485, 26.837532224036835], [90.50742646351176, 26.843395897365742], [90.50536189729216, 26.84493876938762], [90.48611196091952, 26.85935059055005], [90.46888640594764, 26.868286625789807], [90.46836915378687, 26.86855416948293], [90.4489720767212, 26.878618370711575], [90.44478048561388, 26.8831711295858], [90.44198912113895, 26.88619883372502], [90.43790015860534, 26.889003635366425], [90.41669262126132, 26.90353583089094], [90.41668816247106, 26.903540336808945], [90.414873332884, 26.903624994541087], [90.41105186384823, 26.903807825013825], [90.40584810558458, 26.903607138436485], [90.3996008944621, 26.903361936485318], [90.38658924062194, 26.902831320333288], [90.38135875340681, 26.9026217200464], [90.37878138246839, 26.90216693143689], [90.37170030231447, 26.90093167831186], [90.36781198752035, 26.901948391462703], [90.36398158517565, 26.901275072480836], [90.35814020676398, 26.90024945683825], [90.34832126799218, 26.896017780331057], [90.34038851606734, 26.88956104185492], [90.3252409327519, 26.868549739448305], [90.32342164199159, 26.8660213756973], [90.3121980358594, 26.858521183356185], [90.30009161035319, 26.85421814501715], [90.30008716479054, 26.854218154400805], [90.28266100665114, 26.854329636343103], [90.28119837990529, 26.85457934186638], [90.27411285578283, 26.85580113693701], [90.2615471091158, 26.85795939164501], [90.25246840331643, 26.85952006136041], [90.24647539431113, 26.86001950439065], [90.2367902112616, 26.860831008832385], [90.23242920482659, 26.860911275486494], [90.22418433632897, 26.857437675729344], [90.22236052279106, 26.856670651893857], [90.21886906687389, 26.853955104766246], [90.20599118406467, 26.84393998104466], [90.19764823201083, 26.835378454926925], [90.19040216538642, 26.825019973826922], [90.18816368338472, 26.82079274823938], [90.18494868361405, 26.814728424655925], [90.18511811700024, 26.812324941602224], [90.18562198910338, 26.805101213274266], [90.18683043666276, 26.80056185196974], [90.18768215639119, 26.79737804427073], [90.19004544959859, 26.788535657181093], [90.19140104426376, 26.783470119323354], [90.18914920584045, 26.776259714850934], [90.18226429995569, 26.77085078640623], [90.1799812547602, 26.76905830087176], [90.17970926839985, 26.768955693060512], [90.17015786195009, 26.76528137724339], [90.10912167749437, 26.7503122289654], [90.07941965013858, 26.74518866101508], [90.07405974734004, 26.74426119447246], [90.0649721354775, 26.741420771691256], [90.03767798111069, 26.739481010306342], [90.01937785430243, 26.738179032543123], [89.99999854147, 26.736801142100852], [89.9956375723486, 26.73649343467023], [89.99429092266993, 26.73639977289114], [89.97729728689163, 26.734317424055416], [89.94391196743459, 26.730228398274928], [89.94183405651131, 26.730103552898868], [89.94010841138028, 26.730001038203646], [89.9170994060461, 26.728578517823593], [89.91321111669473, 26.729818139225106], [89.90298189020581, 26.729679980518604], [89.88820893604843, 26.733510306475324], [89.8736410358057, 26.744470826665967], [89.87258420443496, 26.74489882218579], [89.86676065485383, 26.747248765329388], [89.8647808161508, 26.748051437662582], [89.85944766924707, 26.74730675705832], [89.85587149905723, 26.74681184881397], [89.85382925290466, 26.741978165018164], [89.85379804275196, 26.741911228988737], [89.85460956994315, 26.735271643174464], [89.86267163714234, 26.721319119792327], [89.86374180642213, 26.714688465621187], [89.86330925825405, 26.712695244553142], [89.86289012887762, 26.71075103317549], [89.86051785650818, 26.708748966381783], [89.85918909750062, 26.707629726406996], [89.85804753359739, 26.707700996080895], [89.85688815400104, 26.707767921676457], [89.85253161775287, 26.70803105351298], [89.85694171403486, 26.703781500263762], [89.8614141431803, 26.70034801089442], [89.87142933052979, 26.6835327148887], [89.8714827989997, 26.679216276647928], [89.86946729338663, 26.673811887657955], [89.86933800559777, 26.670949108651754], [89.87051964131915, 26.666218042661527], [89.8698730728981, 26.662668598191487], [89.86828562542964, 26.660760051761116], [89.86805824014839, 26.65662202686742], [89.87275809640994, 26.65185975010473], [89.87637445773446, 26.649500892613638], [89.87583933787073, 26.646299196066927], [89.87367222991541, 26.64350778686565], [89.86126704848408, 26.635561734233576], [89.85729392296655, 26.632088017865456], [89.85703976441091, 26.623415130697307], [89.85900179078769, 26.6172124965708], [89.86183328858493, 26.61515239626497], [89.8716121509861, 26.61496068107639], [89.87722612311858, 26.613052175889173], [89.87663305708232, 26.606341204628357], [89.87521955457554, 26.601168634625424], [89.87254408638854, 26.597570147396084], [89.87211599139782, 26.59470739855651], [89.87422072817037, 26.58921379598222], [89.87754717010456, 26.584241930504852], [89.8698730728981, 26.579510835640434], [89.86200722902127, 26.577883199382065], [89.86152567771707, 26.574561164148683], [89.8649992959453, 26.570271565144704], [89.86548530195378, 26.565839173669534], [89.86432593153808, 26.5607781365545], [89.86461581310706, 26.548288177179522], [89.86141864169858, 26.543186989356276], [89.86226585329476, 26.537292016647843], [89.86183778705437, 26.530460652954858], [89.85443123967958, 26.521078698477744], [89.85349929532302, 26.517230577586854], [89.85560397638612, 26.505141878087045], [89.85497079868647, 26.494301819101526], [89.8526921729161, 26.487778138790453], [89.86102177040176, 26.474779908924077], [89.86237288696388, 26.466071308129592], [89.86709506835507, 26.465812676490962], [89.87020753080995, 26.46397999135292], [89.870622226038, 26.459890950173058], [89.8694315982922, 26.457282405621484], [89.8694984908721, 26.44841767135211], [89.86112880752076, 26.440418033871893], [89.85769083258792, 26.43812160411071], [89.85520261748792, 26.434050505422487], [89.8529953546672, 26.424561524785386], [89.84976250755147, 26.42225172515453], [89.8477871543112, 26.421752296894475], [89.84764893651815, 26.419821451317002], [89.8498071491534, 26.414211907031163], [89.84484861613234, 26.410221009604616], [89.83634061812467, 26.411268916386565], [89.83329059439373, 26.41229005518824], [89.82946916868745, 26.403278246941763], [89.82727973244965, 26.39646914303311], [89.82797089473512, 26.393481566034264], [89.83058842329939, 26.390199651972036], [89.84039398711128, 26.390819505954543], [89.84449636514877, 26.394351095275145], [89.84606150364878, 26.397789043150073], [89.84681504772594, 26.40273868392453], [89.85032434513586, 26.39827959459178], [89.85315590790277, 26.39599200931591], [89.85729392296655, 26.384460824492127], [89.8550733533248, 26.38203061822596], [89.85125636609811, 26.384050588923067], [89.84549517513746, 26.384028307754484], [89.84092902693376, 26.377758764460268], [89.83402187888524, 26.381263665511803], [89.8309852499556, 26.38203055713789], [89.82787284206333, 26.381120893691083], [89.82559419094656, 26.37931943035086], [89.82440810720584, 26.376889230584073], [89.82742245407769, 26.369821541921105], [89.82705682265458, 26.36665113924143], [89.82105928824971, 26.35907064002997], [89.8234092528457, 26.355249213166957], [89.82118859469117, 26.35113798063643], [89.82010059153343, 26.350379883133485], [89.8155656887291, 26.35145895330633], [89.81363041218847, 26.35317126022922], [89.8114945610869, 26.358022758996988], [89.81154804102127, 26.360711641037547], [89.8126672418542, 26.362401621268347], [89.81722893411107, 26.366098208619647], [89.82041718137572, 26.370619735093637], [89.8125602850014, 26.366998959126704], [89.8098535920871, 26.366499565781695], [89.80399877551474, 26.362339192479944], [89.79032272363338, 26.358062939712507], [89.78201095689326, 26.35327829752857], [89.78089172978859, 26.352172437715556], [89.7790590527614, 26.347410101475095], [89.77921511846779, 26.343200740798668], [89.78103440763716, 26.33583879106025], [89.78086053235566, 26.33088020829549], [89.77774803313471, 26.3277588411052], [89.76853107714356, 26.323799159839847], [89.7619628073151, 26.31707044806702], [89.7536466188943, 26.321801475690037], [89.75166228154022, 26.322162658088974], [89.75054311132382, 26.321462631747007], [89.75089091755609, 26.30623925302963], [89.75914025367872, 26.292589925820803], [89.7586586393939, 26.289330300812413], [89.75710242677506, 26.28853219157069], [89.74888431140116, 26.28940164876352], [89.74606166836277, 26.290761724861152], [89.74234724704718, 26.295211885798757], [89.73179700938265, 26.292902082449032], [89.72344958250409, 26.294748120092986], [89.72088559648373, 26.296290974622647], [89.71980202005308, 26.298632031981786], [89.72276286440693, 26.307550232501914], [89.7202523672456, 26.308129910138447], [89.71782663724882, 26.305699682452293], [89.71568178992109, 26.30198077117126], [89.71544548111325, 26.297031218863573], [89.71705524830448, 26.293049256759588], [89.72109069863484, 26.288171004930298], [89.72918843341765, 26.28294044067934], [89.73745561981956, 26.27110152009994], [89.73367432519753, 26.26645962261491], [89.73345130733345, 26.26249988968686], [89.73227859779864, 26.260341733253334], [89.72521981620366, 26.258410903997735], [89.7173450853517, 26.25916003091178], [89.71142786910569, 26.26327133736833], [89.71084817665444, 26.264560006279712], [89.71153933365154, 26.26958096877528], [89.70894409842053, 26.270820591465284], [89.7048105341305, 26.26990202558619], [89.70067696255157, 26.26084116455241], [89.70099803928227, 26.25919126708554], [89.70361997155702, 26.256970642949494], [89.71138772745496, 26.258040866156396], [89.71536972151102, 26.25648901990462], [89.71642202857205, 26.255258349919856], [89.7165201478428, 26.252337608326886], [89.71502632869807, 26.24897105462328], [89.71572192715605, 26.246380249966837], [89.72356997011411, 26.243539865314883], [89.72876928535008, 26.23820228833197], [89.7233202370685, 26.232931646248232], [89.718178892389, 26.231620629846606], [89.71280570624319, 26.22896749459777], [89.71170878782414, 26.227741264350236], [89.71022833275285, 26.2191396177381], [89.70555965369248, 26.217061692723178], [89.70310268282084, 26.217311365798775], [89.69957109903144, 26.218898855802212], [89.69722561545173, 26.21723113079575], [89.69754664883551, 26.21594244724417], [89.70024890394092, 26.21376194129309], [89.70308038512049, 26.213289294135805], [89.71549902163274, 26.21477866324752], [89.7243815018972, 26.217289060067067], [89.73127529382501, 26.214912404510958], [89.73203336242969, 26.21229045034262], [89.73132437063407, 26.210769921115695], [89.72566128724381, 26.206078923801762], [89.72321324907941, 26.205329776582715], [89.72062695984398, 26.20617257546106], [89.71726925776636, 26.205610752982576], [89.71421926126706, 26.205980784020415], [89.7116329492879, 26.203198341628557], [89.71556144964238, 26.202649917003306], [89.71747437892864, 26.200117065668728], [89.71810313809318, 26.196799571822112], [89.71613218466902, 26.191328204143414], [89.71404981799228, 26.189361739712954], [89.71074115446557, 26.18855907172639], [89.70822178317503, 26.186837884747305], [89.70536794813073, 26.188068608655506], [89.70184524471496, 26.18814891526292], [89.69757784135118, 26.19086002570832], [89.6948399758636, 26.18907191520686]]]}}]}